raw_name,canonical_name,method,confidence,source,resolvedAt
Flirtey (SkyDrop),(unmatched),unmatched,0.0,startups.json,2026-08-11T04:43:01.156213+00:00
Clerky,(unmatched),unmatched,0.0,startups.json,2026-08-11T04:43:01.156327+00:00
Nambii,(unmatched),unmatched,0.0,startups.json,2026-08-11T04:43:01.156402+00:00
Ironclad,(unmatched),unmatched,0.0,startups.json,2026-08-11T04:43:01.156512+00:00
Zenbox,(unmatched),unmatched,0.0,startups.json,2026-08-11T04:43:01.156579+00:00
Carlypso,(unmatched),unmatched,0.0,startups.json,2026-08-11T04:43:01.156684+00:00
AppHarbor,(unmatched),unmatched,0.0,startups.json,2026-08-11T04:43:01.156785+00:00
Datarank,(unmatched),unmatched,0.0,startups.json,2026-08-11T04:43:01.156885+00:00
Hive,(unmatched),unmatched,0.0,startups.json,2026-08-11T04:43:01.156924+00:00
Lumoid,(unmatched),unmatched,0.0,startups.json,2026-08-11T04:43:01.156988+00:00
SoundFocus,(unmatched),unmatched,0.0,startups.json,2026-08-11T04:43:01.157084+00:00
Clara Labs,(unmatched),unmatched,0.0,startups.json,2026-08-11T04:43:01.157180+00:00
Paid,(unmatched),unmatched,0.0,startups.json,2026-08-11T04:43:01.157219+00:00
Checkr,(unmatched),unmatched,0.0,startups.json,2026-08-11T04:43:01.157283+00:00
Svbtle,(unmatched),unmatched,0.0,startups.json,2026-08-11T04:43:01.157346+00:00
Tenjin,(unmatched),unmatched,0.0,startups.json,2026-08-11T04:43:01.157409+00:00
Poll Everywhere,(unmatched),unmatched,0.0,startups.json,2026-08-11T04:43:01.157479+00:00
Human Interest,(unmatched),unmatched,0.0,startups.json,2026-08-11T04:43:01.157545+00:00
Realm,(unmatched),unmatched,0.0,startups.json,2026-08-11T04:43:01.157748+00:00
Wufoo,(unmatched),unmatched,0.0,startups.json,2026-08-11T04:43:01.157834+00:00
Poppy,(unmatched),unmatched,0.0,startups.json,2026-08-11T04:43:01.157885+00:00
True Link,(unmatched),unmatched,0.0,startups.json,2026-08-11T04:43:01.157992+00:00
Posterous,(unmatched),unmatched,0.0,startups.json,2026-08-11T04:43:01.158085+00:00
Clickfacts,(unmatched),unmatched,0.0,startups.json,2026-08-11T04:43:01.158307+00:00
Firebase,(unmatched),unmatched,0.0,startups.json,2026-08-11T04:43:01.158454+00:00
9gag,(unmatched),unmatched,0.0,startups.json,2026-08-11T04:43:01.158553+00:00
Webflow,(unmatched),unmatched,0.0,startups.json,2026-08-11T04:43:01.158740+00:00
Open Motors,(unmatched),unmatched,0.0,startups.json,2026-08-11T04:43:01.158856+00:00
Instacart,(unmatched),unmatched,0.0,startups.json,2026-08-11T04:43:01.158953+00:00
TextPayMe,(unmatched),unmatched,0.0,startups.json,2026-08-11T04:43:01.159047+00:00
Clear,(unmatched),unmatched,0.0,startups.json,2026-08-11T04:43:01.159097+00:00
GoCardless,(unmatched),unmatched,0.0,startups.json,2026-08-11T04:43:01.159189+00:00
Gemnote,(unmatched),unmatched,0.0,startups.json,2026-08-11T04:43:01.159266+00:00
Tumult,(unmatched),unmatched,0.0,startups.json,2026-08-11T04:43:01.159326+00:00
Craft Coffee,(unmatched),unmatched,0.0,startups.json,2026-08-11T04:43:01.159420+00:00
Acunote,(unmatched),unmatched,0.0,startups.json,2026-08-11T04:43:01.159497+00:00
CircuitLab,(unmatched),unmatched,0.0,startups.json,2026-08-11T04:43:01.159588+00:00
Screenhero,(unmatched),unmatched,0.0,startups.json,2026-08-11T04:43:01.159679+00:00
Paribus,(unmatched),unmatched,0.0,startups.json,2026-08-11T04:43:01.159755+00:00
Job Alchemist,(unmatched),unmatched,0.0,startups.json,2026-08-11T04:43:01.159830+00:00
New Story,(unmatched),unmatched,0.0,startups.json,2026-08-11T04:43:01.159927+00:00
Simmery,(unmatched),unmatched,0.0,startups.json,2026-08-11T04:43:01.160003+00:00
Tule,(unmatched),unmatched,0.0,startups.json,2026-08-11T04:43:01.160041+00:00
Weilos,(unmatched),unmatched,0.0,startups.json,2026-08-11T04:43:01.160100+00:00
HelloSign,(unmatched),unmatched,0.0,startups.json,2026-08-11T04:43:01.160192+00:00
Instapainting,(unmatched),unmatched,0.0,startups.json,2026-08-11T04:43:01.160266+00:00
Doblet,(unmatched),unmatched,0.0,startups.json,2026-08-11T04:43:01.160337+00:00
Lattice,(unmatched),unmatched,0.0,startups.json,2026-08-11T04:43:01.160415+00:00
PartnerStack,(unmatched),unmatched,0.0,startups.json,2026-08-11T04:43:01.160505+00:00
MarketBrief,(unmatched),unmatched,0.0,startups.json,2026-08-11T04:43:01.160605+00:00
Pagelever,(unmatched),unmatched,0.0,startups.json,2026-08-11T04:43:01.160703+00:00
Tinker,(unmatched),unmatched,0.0,startups.json,2026-08-11T04:43:01.160762+00:00
You Got Listings,(unmatched),unmatched,0.0,startups.json,2026-08-11T04:43:01.160827+00:00
Kiko,(unmatched),unmatched,0.0,startups.json,2026-08-11T04:43:01.160864+00:00
Scuba,(unmatched),unmatched,0.0,startups.json,2026-08-11T04:43:01.160911+00:00
Roomstorm,(unmatched),unmatched,0.0,startups.json,2026-08-11T04:43:01.161002+00:00
Gigster,(unmatched),unmatched,0.0,startups.json,2026-08-11T04:43:01.161077+00:00
L.,(unmatched),unmatched,0.0,startups.json,2026-08-11T04:43:01.161103+00:00
Payable,(unmatched),unmatched,0.0,startups.json,2026-08-11T04:43:01.161178+00:00
SOUNDBOKS,(unmatched),unmatched,0.0,startups.json,2026-08-11T04:43:01.161269+00:00
Owners Circle,(unmatched),unmatched,0.0,startups.json,2026-08-11T04:43:01.161346+00:00
Appcubator,(unmatched),unmatched,0.0,startups.json,2026-08-11T04:43:01.161434+00:00
Reddit,(unmatched),unmatched,0.0,startups.json,2026-08-11T04:43:01.161495+00:00
WebCake,(unmatched),unmatched,0.0,startups.json,2026-08-11T04:43:01.161570+00:00
Audiobeta,(unmatched),unmatched,0.0,startups.json,2026-08-11T04:43:01.161661+00:00
Jopwell,(unmatched),unmatched,0.0,startups.json,2026-08-11T04:43:01.161736+00:00
ROSS Intelligence,(unmatched),unmatched,0.0,startups.json,2026-08-11T04:43:01.161792+00:00
Sendoid,(unmatched),unmatched,0.0,startups.json,2026-08-11T04:43:01.161867+00:00
Fixed,(unmatched),unmatched,0.0,startups.json,2026-08-11T04:43:01.161913+00:00
Tremendous,(unmatched),unmatched,0.0,startups.json,2026-08-11T04:43:01.162002+00:00
Start Closing,(unmatched),unmatched,0.0,startups.json,2026-08-11T04:43:01.162074+00:00
HER,(unmatched),unmatched,0.0,startups.json,2026-08-11T04:43:01.162105+00:00
Swish,(unmatched),unmatched,0.0,startups.json,2026-08-11T04:43:01.162151+00:00
Echo Locker,(unmatched),unmatched,0.0,startups.json,2026-08-11T04:43:01.162251+00:00
42,(unmatched),unmatched,0.0,startups.json,2026-08-11T04:43:01.162276+00:00
PetaSales,(unmatched),unmatched,0.0,startups.json,2026-08-11T04:43:01.162374+00:00
Flagr,(unmatched),unmatched,0.0,startups.json,2026-08-11T04:43:01.162422+00:00
Quad,(unmatched),unmatched,0.0,startups.json,2026-08-11T04:43:01.162460+00:00
Flaviar,(unmatched),unmatched,0.0,startups.json,2026-08-11T04:43:01.162537+00:00
Kivo,(unmatched),unmatched,0.0,startups.json,2026-08-11T04:43:01.162575+00:00
Women.com,(unmatched),unmatched,0.0,startups.json,2026-08-11T04:43:01.162674+00:00
Mixed Media Labs,(unmatched),unmatched,0.0,startups.json,2026-08-11T04:43:01.162743+00:00
OhLife,(unmatched),unmatched,0.0,startups.json,2026-08-11T04:43:01.162805+00:00
Deepgram,(unmatched),unmatched,0.0,startups.json,2026-08-11T04:43:01.162903+00:00
Scope AR,(unmatched),unmatched,0.0,startups.json,2026-08-11T04:43:01.163002+00:00
Flytenow,(unmatched),unmatched,0.0,startups.json,2026-08-11T04:43:01.163110+00:00
Oolu,(unmatched),unmatched,0.0,startups.json,2026-08-11T04:43:01.163147+00:00
PayTango,(unmatched),unmatched,0.0,startups.json,2026-08-11T04:43:01.163244+00:00
Abacus,(unmatched),unmatched,0.0,startups.json,2026-08-11T04:43:01.163310+00:00
Verbling,(unmatched),unmatched,0.0,startups.json,2026-08-11T04:43:01.163411+00:00
Thunkable,(unmatched),unmatched,0.0,startups.json,2026-08-11T04:43:01.163510+00:00
Frogmetrics,(unmatched),unmatched,0.0,startups.json,2026-08-11T04:43:01.163616+00:00
Tenant Turner,(unmatched),unmatched,0.0,startups.json,2026-08-11T04:43:01.163695+00:00
Ixiplay,(unmatched),unmatched,0.0,startups.json,2026-08-11T04:43:01.163775+00:00
Twitch,(unmatched),unmatched,0.0,startups.json,2026-08-11T04:43:01.163839+00:00
Weave,(unmatched),unmatched,0.0,startups.json,2026-08-11T04:43:01.163886+00:00
Maderight,(unmatched),unmatched,0.0,startups.json,2026-08-11T04:43:01.163981+00:00
North,(unmatched),unmatched,0.0,startups.json,2026-08-11T04:43:01.164030+00:00
SnapMagic,(unmatched),unmatched,0.0,startups.json,2026-08-11T04:43:01.164124+00:00
Hyperpad,(unmatched),unmatched,0.0,startups.json,2026-08-11T04:43:01.164219+00:00
OpenInvest,(unmatched),unmatched,0.0,startups.json,2026-08-11T04:43:01.164319+00:00
BackType,(unmatched),unmatched,0.0,startups.json,2026-08-11T04:43:01.164416+00:00
PickTrace,(unmatched),unmatched,0.0,startups.json,2026-08-11T04:43:01.164510+00:00
Assembly,(unmatched),unmatched,0.0,startups.json,2026-08-11T04:43:01.164603+00:00
Second Measure,(unmatched),unmatched,0.0,startups.json,2026-08-11T04:43:01.164666+00:00
Humble Bundle,(unmatched),unmatched,0.0,startups.json,2026-08-11T04:43:01.164742+00:00
AirHelp,(unmatched),unmatched,0.0,startups.json,2026-08-11T04:43:01.164818+00:00
TAXA Biotechnologies,(unmatched),unmatched,0.0,startups.json,2026-08-11T04:43:01.164862+00:00
Magic Instruments,(unmatched),unmatched,0.0,startups.json,2026-08-11T04:43:01.164917+00:00
Front,(unmatched),unmatched,0.0,startups.json,2026-08-11T04:43:01.164965+00:00
LeadGenius,(unmatched),unmatched,0.0,startups.json,2026-08-11T04:43:01.165052+00:00
Light Table/Eve,(unmatched),unmatched,0.0,startups.json,2026-08-11T04:43:01.165114+00:00
MailTime,(unmatched),unmatched,0.0,startups.json,2026-08-11T04:43:01.165207+00:00
Boostable,(unmatched),unmatched,0.0,startups.json,2026-08-11T04:43:01.165317+00:00
Pebble,(unmatched),unmatched,0.0,startups.json,2026-08-11T04:43:01.165380+00:00
Zoomer,(unmatched),unmatched,0.0,startups.json,2026-08-11T04:43:01.165439+00:00
Anchor Health,(unmatched),unmatched,0.0,startups.json,2026-08-11T04:43:01.165514+00:00
TomoGuides,(unmatched),unmatched,0.0,startups.json,2026-08-11T04:43:01.165602+00:00
Cognito,(unmatched),unmatched,0.0,startups.json,2026-08-11T04:43:01.165675+00:00
JustSpotted,(unmatched),unmatched,0.0,startups.json,2026-08-11T04:43:01.165769+00:00
Embark Trucks,(unmatched),unmatched,0.0,startups.json,2026-08-11T04:43:01.165840+00:00
GovPredict,(unmatched),unmatched,0.0,startups.json,2026-08-11T04:43:01.165925+00:00
Embark,(unmatched),unmatched,0.0,startups.json,2026-08-11T04:43:01.165984+00:00
Comprehend,(unmatched),unmatched,0.0,startups.json,2026-08-11T04:43:01.166071+00:00
Pixate,(unmatched),unmatched,0.0,startups.json,2026-08-11T04:43:01.166129+00:00
Vernox,(unmatched),unmatched,0.0,startups.json,2026-08-11T04:43:01.166188+00:00
Padlet,(unmatched),unmatched,0.0,startups.json,2026-08-11T04:43:01.166245+00:00
Ambition,(unmatched),unmatched,0.0,startups.json,2026-08-11T04:43:01.166342+00:00
Blockspring,(unmatched),unmatched,0.0,startups.json,2026-08-11T04:43:01.166437+00:00
Hyperink,(unmatched),unmatched,0.0,startups.json,2026-08-11T04:43:01.166528+00:00
Ginkgo Bioworks,(unmatched),unmatched,0.0,startups.json,2026-08-11T04:43:01.166590+00:00
Hickory,(unmatched),unmatched,0.0,startups.json,2026-08-11T04:43:01.166662+00:00
VINEBOX (Usual Beverage Co.),(unmatched),unmatched,0.0,startups.json,2026-08-11T04:43:01.166705+00:00
Team Apart,(unmatched),unmatched,0.0,startups.json,2026-08-11T04:43:01.166791+00:00
Knowmia,(unmatched),unmatched,0.0,startups.json,2026-08-11T04:43:01.166865+00:00
Interstate,(unmatched),unmatched,0.0,startups.json,2026-08-11T04:43:01.166949+00:00
Fivetran,(unmatched),unmatched,0.0,startups.json,2026-08-11T04:43:01.167038+00:00
Bitaccess,(unmatched),unmatched,0.0,startups.json,2026-08-11T04:43:01.167123+00:00
Custora,(unmatched),unmatched,0.0,startups.json,2026-08-11T04:43:01.167198+00:00
Heroic Labs,(unmatched),unmatched,0.0,startups.json,2026-08-11T04:43:01.167293+00:00
Youlicit,(unmatched),unmatched,0.0,startups.json,2026-08-11T04:43:01.167382+00:00
Prayas Analytics,(unmatched),unmatched,0.0,startups.json,2026-08-11T04:43:01.167442+00:00
Greentoe,(unmatched),unmatched,0.0,startups.json,2026-08-11T04:43:01.167528+00:00
Earbits,(unmatched),unmatched,0.0,startups.json,2026-08-11T04:43:01.167600+00:00
Plato,(unmatched),unmatched,0.0,startups.json,2026-08-11T04:43:01.167645+00:00
Tovala,(unmatched),unmatched,0.0,startups.json,2026-08-11T04:43:01.167702+00:00
Opez,(unmatched),unmatched,0.0,startups.json,2026-08-11T04:43:01.167735+00:00
StyleUp,(unmatched),unmatched,0.0,startups.json,2026-08-11T04:43:01.167806+00:00
SourceDNA,(unmatched),unmatched,0.0,startups.json,2026-08-11T04:43:01.167894+00:00
Convore,(unmatched),unmatched,0.0,startups.json,2026-08-11T04:43:01.167965+00:00
Claimspotting,(unmatched),unmatched,0.0,startups.json,2026-08-11T04:43:01.168034+00:00
Compgun,(unmatched),unmatched,0.0,startups.json,2026-08-11T04:43:01.168106+00:00
AptDeco,(unmatched),unmatched,0.0,startups.json,2026-08-11T04:43:01.168177+00:00
Helion Energy,(unmatched),unmatched,0.0,startups.json,2026-08-11T04:43:01.168248+00:00
Two Tap,(unmatched),unmatched,0.0,startups.json,2026-08-11T04:43:01.168326+00:00
Chatfuel,(unmatched),unmatched,0.0,startups.json,2026-08-11T04:43:01.168418+00:00
MixRank,(unmatched),unmatched,0.0,startups.json,2026-08-11T04:43:01.168492+00:00
Flotype,(unmatched),unmatched,0.0,startups.json,2026-08-11T04:43:01.168563+00:00
Lawdingo,(unmatched),unmatched,0.0,startups.json,2026-08-11T04:43:01.168650+00:00
Hublo,(unmatched),unmatched,0.0,startups.json,2026-08-11T04:43:01.168695+00:00
Fobo,(unmatched),unmatched,0.0,startups.json,2026-08-11T04:43:01.168728+00:00
ZeroMailer,(unmatched),unmatched,0.0,startups.json,2026-08-11T04:43:01.168814+00:00
PersistIQ,(unmatched),unmatched,0.0,startups.json,2026-08-11T04:43:01.168899+00:00
Bayes Impact,(unmatched),unmatched,0.0,startups.json,2026-08-11T04:43:01.168985+00:00
The Ticket Fairy,(unmatched),unmatched,0.0,startups.json,2026-08-11T04:43:01.169046+00:00
VizeraLabs,(unmatched),unmatched,0.0,startups.json,2026-08-11T04:43:01.169131+00:00
Kicksend,(unmatched),unmatched,0.0,startups.json,2026-08-11T04:43:01.169218+00:00
Airmada,(unmatched),unmatched,0.0,startups.json,2026-08-11T04:43:01.169292+00:00
Sift,(unmatched),unmatched,0.0,startups.json,2026-08-11T04:43:01.169326+00:00
Snipd,(unmatched),unmatched,0.0,startups.json,2026-08-11T04:43:01.169370+00:00
Roomblocker,(unmatched),unmatched,0.0,startups.json,2026-08-11T04:43:01.169472+00:00
Fivestars,(unmatched),unmatched,0.0,startups.json,2026-08-11T04:43:01.169557+00:00
Canopy Labs,(unmatched),unmatched,0.0,startups.json,2026-08-11T04:43:01.169668+00:00
Bitnami,(unmatched),unmatched,0.0,startups.json,2026-08-11T04:43:01.169745+00:00
GetAccept,(unmatched),unmatched,0.0,startups.json,2026-08-11T04:43:01.169890+00:00
Zenamins,(unmatched),unmatched,0.0,startups.json,2026-08-11T04:43:01.169991+00:00
Videopixie,(unmatched),unmatched,0.0,startups.json,2026-08-11T04:43:01.170086+00:00
Impraise,(unmatched),unmatched,0.0,startups.json,2026-08-11T04:43:01.170178+00:00
VaycayHero,(unmatched),unmatched,0.0,startups.json,2026-08-11T04:43:01.170265+00:00
Apportable,(unmatched),unmatched,0.0,startups.json,2026-08-11T04:43:01.170357+00:00
Chargehound,(unmatched),unmatched,0.0,startups.json,2026-08-11T04:43:01.170456+00:00
Protocol Labs,(unmatched),unmatched,0.0,startups.json,2026-08-11T04:43:01.170530+00:00
One Codex,(unmatched),unmatched,0.0,startups.json,2026-08-11T04:43:01.170620+00:00
Insight Data Science,(unmatched),unmatched,0.0,startups.json,2026-08-11T04:43:01.170665+00:00
Branch8,(unmatched),unmatched,0.0,startups.json,2026-08-11T04:43:01.170739+00:00
Stilt,(unmatched),unmatched,0.0,startups.json,2026-08-11T04:43:01.170784+00:00
Close,(unmatched),unmatched,0.0,startups.json,2026-08-11T04:43:01.170829+00:00
BuildZoom,(unmatched),unmatched,0.0,startups.json,2026-08-11T04:43:01.170917+00:00
People & Pages,(unmatched),unmatched,0.0,startups.json,2026-08-11T04:43:01.171006+00:00
Kamcord,(unmatched),unmatched,0.0,startups.json,2026-08-11T04:43:01.171079+00:00
iSono Health,(unmatched),unmatched,0.0,startups.json,2026-08-11T04:43:01.171167+00:00
Kash,(unmatched),unmatched,0.0,startups.json,2026-08-11T04:43:01.171202+00:00
Ravti,(unmatched),unmatched,0.0,startups.json,2026-08-11T04:43:01.171246+00:00
Caviar,(unmatched),unmatched,0.0,startups.json,2026-08-11T04:43:01.171304+00:00
Cambly,(unmatched),unmatched,0.0,startups.json,2026-08-11T04:43:01.171362+00:00
Confident LIMS,(unmatched),unmatched,0.0,startups.json,2026-08-11T04:43:01.171423+00:00
CareLedger,(unmatched),unmatched,0.0,startups.json,2026-08-11T04:43:01.171507+00:00
Launchpad Toys,(unmatched),unmatched,0.0,startups.json,2026-08-11T04:43:01.171567+00:00
Medisas,(unmatched),unmatched,0.0,startups.json,2026-08-11T04:43:01.171641+00:00
Lynks,(unmatched),unmatched,0.0,startups.json,2026-08-11T04:43:01.171686+00:00
Etleap,(unmatched),unmatched,0.0,startups.json,2026-08-11T04:43:01.171743+00:00
Interviewed,(unmatched),unmatched,0.0,startups.json,2026-08-11T04:43:01.171840+00:00
Statwing,(unmatched),unmatched,0.0,startups.json,2026-08-11T04:43:01.171928+00:00
Sliced Investing,(unmatched),unmatched,0.0,startups.json,2026-08-11T04:43:01.171989+00:00
Convox,(unmatched),unmatched,0.0,startups.json,2026-08-11T04:43:01.172046+00:00
Lawn Love,(unmatched),unmatched,0.0,startups.json,2026-08-11T04:43:01.172134+00:00
Imgix,(unmatched),unmatched,0.0,startups.json,2026-08-11T04:43:01.172179+00:00
Boosted,(unmatched),unmatched,0.0,startups.json,2026-08-11T04:43:01.172251+00:00
Treehouse,(unmatched),unmatched,0.0,startups.json,2026-08-11T04:43:01.172343+00:00
Balanced,(unmatched),unmatched,0.0,startups.json,2026-08-11T04:43:01.172434+00:00
Rainforest,(unmatched),unmatched,0.0,startups.json,2026-08-11T04:43:01.172521+00:00
Futureleague,(unmatched),unmatched,0.0,startups.json,2026-08-11T04:43:01.172606+00:00
ListRunner,(unmatched),unmatched,0.0,startups.json,2026-08-11T04:43:01.172691+00:00
Unwind Me,(unmatched),unmatched,0.0,startups.json,2026-08-11T04:43:01.172780+00:00
Cheetah,(unmatched),unmatched,0.0,startups.json,2026-08-11T04:43:01.172853+00:00
Noora Health,(unmatched),unmatched,0.0,startups.json,2026-08-11T04:43:01.172941+00:00
Mason,(unmatched),unmatched,0.0,startups.json,2026-08-11T04:43:01.172986+00:00
InnoVein,(unmatched),unmatched,0.0,startups.json,2026-08-11T04:43:01.173076+00:00
Popcuts,(unmatched),unmatched,0.0,startups.json,2026-08-11T04:43:01.173149+00:00
Awesometalk,(unmatched),unmatched,0.0,startups.json,2026-08-11T04:43:01.173245+00:00
Tutorspree,(unmatched),unmatched,0.0,startups.json,2026-08-11T04:43:01.173329+00:00
CareMessage,(unmatched),unmatched,0.0,startups.json,2026-08-11T04:43:01.173423+00:00
Imgfave,(unmatched),unmatched,0.0,startups.json,2026-08-11T04:43:01.173496+00:00
CodeCombat,(unmatched),unmatched,0.0,startups.json,2026-08-11T04:43:01.173581+00:00
Vapor,(unmatched),unmatched,0.0,startups.json,2026-08-11T04:43:01.173626+00:00
InfluxData,(unmatched),unmatched,0.0,startups.json,2026-08-11T04:43:01.173712+00:00
Shotput,(unmatched),unmatched,0.0,startups.json,2026-08-11T04:43:01.173784+00:00
Voxli,(unmatched),unmatched,0.0,startups.json,2026-08-11T04:43:01.173829+00:00
Loopt,(unmatched),unmatched,0.0,startups.json,2026-08-11T04:43:01.173873+00:00
FitFu,(unmatched),unmatched,0.0,startups.json,2026-08-11T04:43:01.173917+00:00
Think Gaming,(unmatched),unmatched,0.0,startups.json,2026-08-11T04:43:01.174005+00:00
Halolife,(unmatched),unmatched,0.0,startups.json,2026-08-11T04:43:01.174096+00:00
Dubjoy,(unmatched),unmatched,0.0,startups.json,2026-08-11T04:43:01.174155+00:00
Outschool,(unmatched),unmatched,0.0,startups.json,2026-08-11T04:43:01.174241+00:00
Strikingly,(unmatched),unmatched,0.0,startups.json,2026-08-11T04:43:01.174335+00:00
GlassMap,(unmatched),unmatched,0.0,startups.json,2026-08-11T04:43:01.174426+00:00
Eden,(unmatched),unmatched,0.0,startups.json,2026-08-11T04:43:01.174464+00:00
VOIQ,(unmatched),unmatched,0.0,startups.json,2026-08-11T04:43:01.174505+00:00
Vidyard,(unmatched),unmatched,0.0,startups.json,2026-08-11T04:43:01.174579+00:00
CodeNow,(unmatched),unmatched,0.0,startups.json,2026-08-11T04:43:01.174651+00:00
Cloudant,(unmatched),unmatched,0.0,startups.json,2026-08-11T04:43:01.174742+00:00
Lanyrd,(unmatched),unmatched,0.0,startups.json,2026-08-11T04:43:01.174802+00:00
Memamp,(unmatched),unmatched,0.0,startups.json,2026-08-11T04:43:01.174859+00:00
RescueTime,(unmatched),unmatched,0.0,startups.json,2026-08-11T04:43:01.174948+00:00
GrepData,(unmatched),unmatched,0.0,startups.json,2026-08-11T04:43:01.175040+00:00
Threadable,(unmatched),unmatched,0.0,startups.json,2026-08-11T04:43:01.175135+00:00
Petcube,(unmatched),unmatched,0.0,startups.json,2026-08-11T04:43:01.175209+00:00
3dot,(unmatched),unmatched,0.0,startups.json,2026-08-11T04:43:01.175244+00:00
Foxpass,(unmatched),unmatched,0.0,startups.json,2026-08-11T04:43:01.175319+00:00
MetricWire,(unmatched),unmatched,0.0,startups.json,2026-08-11T04:43:01.175422+00:00
TrustEgg,(unmatched),unmatched,0.0,startups.json,2026-08-11T04:43:01.175510+00:00
Fullstack Academy,(unmatched),unmatched,0.0,startups.json,2026-08-11T04:43:01.175564+00:00
Hotspots,(unmatched),unmatched,0.0,startups.json,2026-08-11T04:43:01.175655+00:00
Lollipuff,(unmatched),unmatched,0.0,startups.json,2026-08-11T04:43:01.175742+00:00
Monthli,(unmatched),unmatched,0.0,startups.json,2026-08-11T04:43:01.175818+00:00
Emburse,(unmatched),unmatched,0.0,startups.json,2026-08-11T04:43:01.175892+00:00
Oklo,(unmatched),unmatched,0.0,startups.json,2026-08-11T04:43:01.175928+00:00
Naytev,(unmatched),unmatched,0.0,startups.json,2026-08-11T04:43:01.175986+00:00
Mailgun,(unmatched),unmatched,0.0,startups.json,2026-08-11T04:43:01.176061+00:00
Anyvite,(unmatched),unmatched,0.0,startups.json,2026-08-11T04:43:01.176132+00:00
Cruise,Cruise,exact_normalized,1.0,startups.json,2026-08-11T04:43:01.176140+00:00
Mino Games,(unmatched),unmatched,0.0,startups.json,2026-08-11T04:43:01.176229+00:00
Mio,(unmatched),unmatched,0.0,startups.json,2026-08-11T04:43:01.176259+00:00
Leaky,(unmatched),unmatched,0.0,startups.json,2026-08-11T04:43:01.176304+00:00
A Thinking Ape,(unmatched),unmatched,0.0,startups.json,2026-08-11T04:43:01.176377+00:00
Siasto,(unmatched),unmatched,0.0,startups.json,2026-08-11T04:43:01.176437+00:00
Replenish,(unmatched),unmatched,0.0,startups.json,2026-08-11T04:43:01.176524+00:00
Meldium,(unmatched),unmatched,0.0,startups.json,2026-08-11T04:43:01.176598+00:00
Ridejoy,(unmatched),unmatched,0.0,startups.json,2026-08-11T04:43:01.176689+00:00
Dating Ring,(unmatched),unmatched,0.0,startups.json,2026-08-11T04:43:01.176791+00:00
Streem,(unmatched),unmatched,0.0,startups.json,2026-08-11T04:43:01.176850+00:00
Ninite,(unmatched),unmatched,0.0,startups.json,2026-08-11T04:43:01.176908+00:00
RADAR,(unmatched),unmatched,0.0,startups.json,2026-08-11T04:43:01.176953+00:00
Whirl,(unmatched),unmatched,0.0,startups.json,2026-08-11T04:43:01.176998+00:00
Final,(unmatched),unmatched,0.0,startups.json,2026-08-11T04:43:01.177041+00:00
Algoriz,(unmatched),unmatched,0.0,startups.json,2026-08-11T04:43:01.177114+00:00
SunFarmer,(unmatched),unmatched,0.0,startups.json,2026-08-11T04:43:01.177204+00:00
TapEngage,(unmatched),unmatched,0.0,startups.json,2026-08-11T04:43:01.177295+00:00
Neptune.io,(unmatched),unmatched,0.0,startups.json,2026-08-11T04:43:01.177383+00:00
Wheelys Café,(unmatched),unmatched,0.0,startups.json,2026-08-11T04:43:01.177472+00:00
Mth Sense,(unmatched),unmatched,0.0,startups.json,2026-08-11T04:43:01.177559+00:00
GOAT Group,(unmatched),unmatched,0.0,startups.json,2026-08-11T04:43:01.177646+00:00
Stitch Health,(unmatched),unmatched,0.0,startups.json,2026-08-11T04:43:01.177716+00:00
Alchemy,(unmatched),unmatched,0.0,startups.json,2026-08-11T04:43:01.177790+00:00
Snapjoy,(unmatched),unmatched,0.0,startups.json,2026-08-11T04:43:01.177862+00:00
Reach,(unmatched),unmatched,0.0,startups.json,2026-08-11T04:43:01.177908+00:00
Human Dx,(unmatched),unmatched,0.0,startups.json,2026-08-11T04:43:01.178000+00:00
CO2Stats,(unmatched),unmatched,0.0,startups.json,2026-08-11T04:43:01.178090+00:00
Compose,(unmatched),unmatched,0.0,startups.json,2026-08-11T04:43:01.178161+00:00
Tesorio,(unmatched),unmatched,0.0,startups.json,2026-08-11T04:43:01.178233+00:00
Infogami,(unmatched),unmatched,0.0,startups.json,2026-08-11T04:43:01.178328+00:00
LeanMarket,(unmatched),unmatched,0.0,startups.json,2026-08-11T04:43:01.178416+00:00
Nightingale,(unmatched),unmatched,0.0,startups.json,2026-08-11T04:43:01.178509+00:00
FathomDB,(unmatched),unmatched,0.0,startups.json,2026-08-11T04:43:01.178600+00:00
BeatDeck,(unmatched),unmatched,0.0,startups.json,2026-08-11T04:43:01.178690+00:00
Loop Genomics,(unmatched),unmatched,0.0,startups.json,2026-08-11T04:43:01.178761+00:00
MightyQuiz,(unmatched),unmatched,0.0,startups.json,2026-08-11T04:43:01.178845+00:00
Experiment,(unmatched),unmatched,0.0,startups.json,2026-08-11T04:43:01.178930+00:00
Focal Systems,(unmatched),unmatched,0.0,startups.json,2026-08-11T04:43:01.179000+00:00
Thrive Agritech,(unmatched),unmatched,0.0,startups.json,2026-08-11T04:43:01.179060+00:00
Picwing,(unmatched),unmatched,0.0,startups.json,2026-08-11T04:43:01.179133+00:00
Akido Labs,(unmatched),unmatched,0.0,startups.json,2026-08-11T04:43:01.179220+00:00
Gecko Robotics,(unmatched),unmatched,0.0,startups.json,2026-08-11T04:43:01.179279+00:00
Beep,(unmatched),unmatched,0.0,startups.json,2026-08-11T04:43:01.179313+00:00
Omnisio,(unmatched),unmatched,0.0,startups.json,2026-08-11T04:43:01.179385+00:00
Notable Labs,(unmatched),unmatched,0.0,startups.json,2026-08-11T04:43:01.179470+00:00
Heap,(unmatched),unmatched,0.0,startups.json,2026-08-11T04:43:01.179505+00:00
HealthSherpa,(unmatched),unmatched,0.0,startups.json,2026-08-11T04:43:01.179588+00:00
OmniVirt,(unmatched),unmatched,0.0,startups.json,2026-08-11T04:43:01.179677+00:00
Mezmo,(unmatched),unmatched,0.0,startups.json,2026-08-11T04:43:01.179723+00:00
PicnicAI,(unmatched),unmatched,0.0,startups.json,2026-08-11T04:43:01.179813+00:00
Verge Genomics,(unmatched),unmatched,0.0,startups.json,2026-08-11T04:43:01.179872+00:00
Heroku,(unmatched),unmatched,0.0,startups.json,2026-08-11T04:43:01.179930+00:00
Swapbox,(unmatched),unmatched,0.0,startups.json,2026-08-11T04:43:01.180003+00:00
UpLabs,(unmatched),unmatched,0.0,startups.json,2026-08-11T04:43:01.180060+00:00
Storyworth,(unmatched),unmatched,0.0,startups.json,2026-08-11T04:43:01.180145+00:00
Parakey,(unmatched),unmatched,0.0,startups.json,2026-08-11T04:43:01.180217+00:00
Ticket Stumbler,(unmatched),unmatched,0.0,startups.json,2026-08-11T04:43:01.180277+00:00
Axoni,(unmatched),unmatched,0.0,startups.json,2026-08-11T04:43:01.180327+00:00
Perfect Audience,(unmatched),unmatched,0.0,startups.json,2026-08-11T04:43:01.180390+00:00
Blitz Esports,(unmatched),unmatched,0.0,startups.json,2026-08-11T04:43:01.180461+00:00
Smyte,(unmatched),unmatched,0.0,startups.json,2026-08-11T04:43:01.180506+00:00
RoverRide,(unmatched),unmatched,0.0,startups.json,2026-08-11T04:43:01.180598+00:00
Mux,(unmatched),unmatched,0.0,startups.json,2026-08-11T04:43:01.180629+00:00
TetraScience,(unmatched),unmatched,0.0,startups.json,2026-08-11T04:43:01.180715+00:00
MagicBus,(unmatched),unmatched,0.0,startups.json,2026-08-11T04:43:01.180806+00:00
280 North,(unmatched),unmatched,0.0,startups.json,2026-08-11T04:43:01.180896+00:00
WorldCover,(unmatched),unmatched,0.0,startups.json,2026-08-11T04:43:01.180981+00:00
Precognate,(unmatched),unmatched,0.0,startups.json,2026-08-11T04:43:01.181067+00:00
Parse,(unmatched),unmatched,0.0,startups.json,2026-08-11T04:43:01.181111+00:00
TalkBin,(unmatched),unmatched,0.0,startups.json,2026-08-11T04:43:01.181183+00:00
Trainzen,(unmatched),unmatched,0.0,startups.json,2026-08-11T04:43:01.181272+00:00
Mattermost,(unmatched),unmatched,0.0,startups.json,2026-08-11T04:43:01.181358+00:00
Magic,(unmatched),unmatched,0.0,startups.json,2026-08-11T04:43:01.181403+00:00
Castle,(unmatched),unmatched,0.0,startups.json,2026-08-11T04:43:01.181460+00:00
Able Health,(unmatched),unmatched,0.0,startups.json,2026-08-11T04:43:01.181556+00:00
Machine Zone,(unmatched),unmatched,0.0,startups.json,2026-08-11T04:43:01.181644+00:00
Venuetastic,(unmatched),unmatched,0.0,startups.json,2026-08-11T04:43:01.181740+00:00
Kimono Labs,(unmatched),unmatched,0.0,startups.json,2026-08-11T04:43:01.181837+00:00
SimplyInsured,(unmatched),unmatched,0.0,startups.json,2026-08-11T04:43:01.181908+00:00
Kuna Systems,(unmatched),unmatched,0.0,startups.json,2026-08-11T04:43:01.181996+00:00
Wundrbar,(unmatched),unmatched,0.0,startups.json,2026-08-11T04:43:01.182101+00:00
Cymmetria,(unmatched),unmatched,0.0,startups.json,2026-08-11T04:43:01.182189+00:00
Bizzy,(unmatched),unmatched,0.0,startups.json,2026-08-11T04:43:01.182234+00:00
Rentobo,(unmatched),unmatched,0.0,startups.json,2026-08-11T04:43:01.182306+00:00
Socialbrowse,(unmatched),unmatched,0.0,startups.json,2026-08-11T04:43:01.182397+00:00
Everyme,(unmatched),unmatched,0.0,startups.json,2026-08-11T04:43:01.182471+00:00
Apollo Health,(unmatched),unmatched,0.0,startups.json,2026-08-11T04:43:01.182543+00:00
Zentail,(unmatched),unmatched,0.0,startups.json,2026-08-11T04:43:01.182615+00:00
CrowdMed,(unmatched),unmatched,0.0,startups.json,2026-08-11T04:43:01.182705+00:00
DevCycle,(unmatched),unmatched,0.0,startups.json,2026-08-11T04:43:01.182793+00:00
Pomello,(unmatched),unmatched,0.0,startups.json,2026-08-11T04:43:01.182864+00:00
Bluesmart,(unmatched),unmatched,0.0,startups.json,2026-08-11T04:43:01.182950+00:00
SimplyListed,(unmatched),unmatched,0.0,startups.json,2026-08-11T04:43:01.183036+00:00
Truebill,(unmatched),unmatched,0.0,startups.json,2026-08-11T04:43:01.183123+00:00
Flexport,(unmatched),unmatched,0.0,startups.json,2026-08-11T04:43:01.183211+00:00
Draft,(unmatched),unmatched,0.0,startups.json,2026-08-11T04:43:01.183258+00:00
GoLorry,(unmatched),unmatched,0.0,startups.json,2026-08-11T04:43:01.183330+00:00
20n,(unmatched),unmatched,0.0,startups.json,2026-08-11T04:43:01.183360+00:00
Automatic,(unmatched),unmatched,0.0,startups.json,2026-08-11T04:43:01.183447+00:00
Rigetti Computing,(unmatched),unmatched,0.0,startups.json,2026-08-11T04:43:01.183500+00:00
Afrostream,(unmatched),unmatched,0.0,startups.json,2026-08-11T04:43:01.183585+00:00
MadeSolid,(unmatched),unmatched,0.0,startups.json,2026-08-11T04:43:01.183674+00:00
Plate IQ,(unmatched),unmatched,0.0,startups.json,2026-08-11T04:43:01.183764+00:00
Zeus,(unmatched),unmatched,0.0,startups.json,2026-08-11T04:43:01.183799+00:00
MTailor,(unmatched),unmatched,0.0,startups.json,2026-08-11T04:43:01.183872+00:00
Qventus,(unmatched),unmatched,0.0,startups.json,2026-08-11T04:43:01.183944+00:00
Soylent,(unmatched),unmatched,0.0,startups.json,2026-08-11T04:43:01.184017+00:00
Call9,(unmatched),unmatched,0.0,startups.json,2026-08-11T04:43:01.184062+00:00
AlphaFlow,(unmatched),unmatched,0.0,startups.json,2026-08-11T04:43:01.184148+00:00
OrderAhead,(unmatched),unmatched,0.0,startups.json,2026-08-11T04:43:01.184234+00:00
Tech in Asia,(unmatched),unmatched,0.0,startups.json,2026-08-11T04:43:01.184328+00:00
FlightCar,(unmatched),unmatched,0.0,startups.json,2026-08-11T04:43:01.184420+00:00
Bright,(unmatched),unmatched,0.0,startups.json,2026-08-11T04:43:01.184479+00:00
Bellabeat,(unmatched),unmatched,0.0,startups.json,2026-08-11T04:43:01.184567+00:00
Deako,(unmatched),unmatched,0.0,startups.json,2026-08-11T04:43:01.184612+00:00
DoseDr,(unmatched),unmatched,0.0,startups.json,2026-08-11T04:43:01.184668+00:00
SFOX,(unmatched),unmatched,0.0,startups.json,2026-08-11T04:43:01.184702+00:00
Bluecrew,(unmatched),unmatched,0.0,startups.json,2026-08-11T04:43:01.184791+00:00
Inporia,(unmatched),unmatched,0.0,startups.json,2026-08-11T04:43:01.184865+00:00
Coin,(unmatched),unmatched,0.0,startups.json,2026-08-11T04:43:01.184898+00:00
DrChrono,(unmatched),unmatched,0.0,startups.json,2026-08-11T04:43:01.184988+00:00
Presto,(unmatched),unmatched,0.0,startups.json,2026-08-11T04:43:01.185045+00:00
UserGems,(unmatched),unmatched,0.0,startups.json,2026-08-11T04:43:01.185133+00:00
Bodyport,(unmatched),unmatched,0.0,startups.json,2026-08-11T04:43:01.185220+00:00
Hipmunk,(unmatched),unmatched,0.0,startups.json,2026-08-11T04:43:01.185292+00:00
Appcanary,(unmatched),unmatched,0.0,startups.json,2026-08-11T04:43:01.185379+00:00
Opentrons,(unmatched),unmatched,0.0,startups.json,2026-08-11T04:43:01.185464+00:00
Roost,(unmatched),unmatched,0.0,startups.json,2026-08-11T04:43:01.185509+00:00
Netomi,(unmatched),unmatched,0.0,startups.json,2026-08-11T04:43:01.185566+00:00
Copia,(unmatched),unmatched,0.0,startups.json,2026-08-11T04:43:01.185611+00:00
Teevox,(unmatched),unmatched,0.0,startups.json,2026-08-11T04:43:01.185785+00:00
Deluux,(unmatched),unmatched,0.0,startups.json,2026-08-11T04:43:01.185902+00:00
Hungry Labs,(unmatched),unmatched,0.0,startups.json,2026-08-11T04:43:01.186038+00:00
Upverter,(unmatched),unmatched,0.0,startups.json,2026-08-11T04:43:01.186132+00:00
Drive Pulse,(unmatched),unmatched,0.0,startups.json,2026-08-11T04:43:01.186245+00:00
Permutive,(unmatched),unmatched,0.0,startups.json,2026-08-11T04:43:01.186357+00:00
Kalibrr,(unmatched),unmatched,0.0,startups.json,2026-08-11T04:43:01.186436+00:00
Gigwell,(unmatched),unmatched,0.0,startups.json,2026-08-11T04:43:01.186512+00:00
Apto Payments,(unmatched),unmatched,0.0,startups.json,2026-08-11T04:43:01.186587+00:00
Rapportive,(unmatched),unmatched,0.0,startups.json,2026-08-11T04:43:01.186674+00:00
SingleStore,(unmatched),unmatched,0.0,startups.json,2026-08-11T04:43:01.186771+00:00
Zenefits,(unmatched),unmatched,0.0,startups.json,2026-08-11T04:43:01.186862+00:00
Chaldal,(unmatched),unmatched,0.0,startups.json,2026-08-11T04:43:01.186936+00:00
ShipBob,(unmatched),unmatched,0.0,startups.json,2026-08-11T04:43:01.187010+00:00
Move Loot,(unmatched),unmatched,0.0,startups.json,2026-08-11T04:43:01.187100+00:00
Cribspot,(unmatched),unmatched,0.0,startups.json,2026-08-11T04:43:01.187192+00:00
Emailio,(unmatched),unmatched,0.0,startups.json,2026-08-11T04:43:01.187277+00:00
SmartAsset,(unmatched),unmatched,0.0,startups.json,2026-08-11T04:43:01.187362+00:00
Daily,(unmatched),unmatched,0.0,startups.json,2026-08-11T04:43:01.187409+00:00
HistoWiz,(unmatched),unmatched,0.0,startups.json,2026-08-11T04:43:01.187496+00:00
In Your Corner,(unmatched),unmatched,0.0,startups.json,2026-08-11T04:43:01.187560+00:00
PlayReader,(unmatched),unmatched,0.0,startups.json,2026-08-11T04:43:01.187649+00:00
Recurse Center,(unmatched),unmatched,0.0,startups.json,2026-08-11T04:43:01.187710+00:00
Chartio,(unmatched),unmatched,0.0,startups.json,2026-08-11T04:43:01.187855+00:00
Zerocater,(unmatched),unmatched,0.0,startups.json,2026-08-11T04:43:01.187948+00:00
Kirkland North,(unmatched),unmatched,0.0,startups.json,2026-08-11T04:43:01.188012+00:00
Shout,(unmatched),unmatched,0.0,startups.json,2026-08-11T04:43:01.188060+00:00
FundersClub,(unmatched),unmatched,0.0,startups.json,2026-08-11T04:43:01.188158+00:00
Next Caller,(unmatched),unmatched,0.0,startups.json,2026-08-11T04:43:01.188255+00:00
Democracy Earth,(unmatched),unmatched,0.0,startups.json,2026-08-11T04:43:01.188324+00:00
Inevitable Tech,(unmatched),unmatched,0.0,startups.json,2026-08-11T04:43:01.188387+00:00
Product Hunt,(unmatched),unmatched,0.0,startups.json,2026-08-11T04:43:01.188474+00:00
MedXT,(unmatched),unmatched,0.0,startups.json,2026-08-11T04:43:01.188520+00:00
TellFi,(unmatched),unmatched,0.0,startups.json,2026-08-11T04:43:01.188578+00:00
Simperium,(unmatched),unmatched,0.0,startups.json,2026-08-11T04:43:01.188664+00:00
HoverChat,(unmatched),unmatched,0.0,startups.json,2026-08-11T04:43:01.188750+00:00
Fetch,(unmatched),unmatched,0.0,startups.json,2026-08-11T04:43:01.188797+00:00
Insoshi,(unmatched),unmatched,0.0,startups.json,2026-08-11T04:43:01.188869+00:00
Sphere Secure Workspace,(unmatched),unmatched,0.0,startups.json,2026-08-11T04:43:01.188911+00:00
The Human Utility,(unmatched),unmatched,0.0,startups.json,2026-08-11T04:43:01.188965+00:00
Assembled,(unmatched),unmatched,0.0,startups.json,2026-08-11T04:43:01.189056+00:00
Testmunk,(unmatched),unmatched,0.0,startups.json,2026-08-11T04:43:01.189145+00:00
Logiblock,(unmatched),unmatched,0.0,startups.json,2026-08-11T04:43:01.189232+00:00
Willing,(unmatched),unmatched,0.0,startups.json,2026-08-11T04:43:01.189305+00:00
Joberator,(unmatched),unmatched,0.0,startups.json,2026-08-11T04:43:01.189390+00:00
MBX,(unmatched),unmatched,0.0,startups.json,2026-08-11T04:43:01.189421+00:00
YumDots,(unmatched),unmatched,0.0,startups.json,2026-08-11T04:43:01.189495+00:00
LendEDU,(unmatched),unmatched,0.0,startups.json,2026-08-11T04:43:01.189568+00:00
Slinkset,(unmatched),unmatched,0.0,startups.json,2026-08-11T04:43:01.189658+00:00
Auro Robotics,(unmatched),unmatched,0.0,startups.json,2026-08-11T04:43:01.189730+00:00
One Degree,(unmatched),unmatched,0.0,startups.json,2026-08-11T04:43:01.189816+00:00
Luminist Labs,(unmatched),unmatched,0.0,startups.json,2026-08-11T04:43:01.189887+00:00
Superside,(unmatched),unmatched,0.0,startups.json,2026-08-11T04:43:01.189973+00:00
BitSample,(unmatched),unmatched,0.0,startups.json,2026-08-11T04:43:01.190058+00:00
Drip Capital,(unmatched),unmatched,0.0,startups.json,2026-08-11T04:43:01.190145+00:00
SpotAngels,(unmatched),unmatched,0.0,startups.json,2026-08-11T04:43:01.190228+00:00
Zeitview,(unmatched),unmatched,0.0,startups.json,2026-08-11T04:43:01.190322+00:00
Talkable,(unmatched),unmatched,0.0,startups.json,2026-08-11T04:43:01.190412+00:00
Bankjoy,(unmatched),unmatched,0.0,startups.json,2026-08-11T04:43:01.190485+00:00
Trigger,(unmatched),unmatched,0.0,startups.json,2026-08-11T04:43:01.190558+00:00
Circle Medical,(unmatched),unmatched,0.0,startups.json,2026-08-11T04:43:01.190619+00:00
Meter Feeder,(unmatched),unmatched,0.0,startups.json,2026-08-11T04:43:01.190704+00:00
Arc,(unmatched),unmatched,0.0,startups.json,2026-08-11T04:43:01.190734+00:00
Seva Coffee,(unmatched),unmatched,0.0,startups.json,2026-08-11T04:43:01.190829+00:00
Habit Labs,(unmatched),unmatched,0.0,startups.json,2026-08-11T04:43:01.190940+00:00
Songkick,(unmatched),unmatched,0.0,startups.json,2026-08-11T04:43:01.191111+00:00
Yumbin,(unmatched),unmatched,0.0,startups.json,2026-08-11T04:43:01.191214+00:00
BrainTripping,(unmatched),unmatched,0.0,startups.json,2026-08-11T04:43:01.191349+00:00
Wefunder,(unmatched),unmatched,0.0,startups.json,2026-08-11T04:43:01.191498+00:00
Grid,(unmatched),unmatched,0.0,startups.json,2026-08-11T04:43:01.191565+00:00
NexTravel,(unmatched),unmatched,0.0,startups.json,2026-08-11T04:43:01.191712+00:00
Snaptalent,(unmatched),unmatched,0.0,startups.json,2026-08-11T04:43:01.191860+00:00
Beetailer,(unmatched),unmatched,0.0,startups.json,2026-08-11T04:43:01.192006+00:00
Movity,(unmatched),unmatched,0.0,startups.json,2026-08-11T04:43:01.192118+00:00
Landed,(unmatched),unmatched,0.0,startups.json,2026-08-11T04:43:01.192248+00:00
Theorem,(unmatched),unmatched,0.0,startups.json,2026-08-11T04:43:01.192351+00:00
Swiftype,(unmatched),unmatched,0.0,startups.json,2026-08-11T04:43:01.192444+00:00
PadMapper,(unmatched),unmatched,0.0,startups.json,2026-08-11T04:43:01.192532+00:00
Mimir,(unmatched),unmatched,0.0,startups.json,2026-08-11T04:43:01.192579+00:00
Markupwand,(unmatched),unmatched,0.0,startups.json,2026-08-11T04:43:01.192666+00:00
Dropbox,(unmatched),unmatched,0.0,startups.json,2026-08-11T04:43:01.192738+00:00
GiveMeTap,(unmatched),unmatched,0.0,startups.json,2026-08-11T04:43:01.192827+00:00
Semantics3,(unmatched),unmatched,0.0,startups.json,2026-08-11T04:43:01.192918+00:00
Liftigniter,(unmatched),unmatched,0.0,startups.json,2026-08-11T04:43:01.193023+00:00
zPREDICTA,(unmatched),unmatched,0.0,startups.json,2026-08-11T04:43:01.193110+00:00
DemandSphere,(unmatched),unmatched,0.0,startups.json,2026-08-11T04:43:01.193196+00:00
Level Frames,(unmatched),unmatched,0.0,startups.json,2026-08-11T04:43:01.193286+00:00
SparkGift,(unmatched),unmatched,0.0,startups.json,2026-08-11T04:43:01.193375+00:00
Etacts,(unmatched),unmatched,0.0,startups.json,2026-08-11T04:43:01.193434+00:00
Data Marketplace,(unmatched),unmatched,0.0,startups.json,2026-08-11T04:43:01.193495+00:00
GroupAhead,(unmatched),unmatched,0.0,startups.json,2026-08-11T04:43:01.193582+00:00
PiinPoint,(unmatched),unmatched,0.0,startups.json,2026-08-11T04:43:01.193669+00:00
Blue Frog Gaming,(unmatched),unmatched,0.0,startups.json,2026-08-11T04:43:01.193731+00:00
Prophecy Sciences,(unmatched),unmatched,0.0,startups.json,2026-08-11T04:43:01.193784+00:00
Meadow,(unmatched),unmatched,0.0,startups.json,2026-08-11T04:43:01.193843+00:00
LVL6,(unmatched),unmatched,0.0,startups.json,2026-08-11T04:43:01.193877+00:00
Chirply,(unmatched),unmatched,0.0,startups.json,2026-08-11T04:43:01.193950+00:00
StackLead,(unmatched),unmatched,0.0,startups.json,2026-08-11T04:43:01.194036+00:00
Klarismo,(unmatched),unmatched,0.0,startups.json,2026-08-11T04:43:01.194127+00:00
AnyList,(unmatched),unmatched,0.0,startups.json,2026-08-11T04:43:01.194199+00:00
Disqus,(unmatched),unmatched,0.0,startups.json,2026-08-11T04:43:01.194257+00:00
Eventjoy,(unmatched),unmatched,0.0,startups.json,2026-08-11T04:43:01.194353+00:00
ConstructVR,(unmatched),unmatched,0.0,startups.json,2026-08-11T04:43:01.194450+00:00
GrubMarket,(unmatched),unmatched,0.0,startups.json,2026-08-11T04:43:01.194536+00:00
PipelineDB,(unmatched),unmatched,0.0,startups.json,2026-08-11T04:43:01.194622+00:00
FarmLogs,(unmatched),unmatched,0.0,startups.json,2026-08-11T04:43:01.194712+00:00
Wevorce,(unmatched),unmatched,0.0,startups.json,2026-08-11T04:43:01.194786+00:00
Brushes,(unmatched),unmatched,0.0,startups.json,2026-08-11T04:43:01.194857+00:00
RedCarpetUp,(unmatched),unmatched,0.0,startups.json,2026-08-11T04:43:01.194953+00:00
Easel,(unmatched),unmatched,0.0,startups.json,2026-08-11T04:43:01.194998+00:00
Numerion Labs,(unmatched),unmatched,0.0,startups.json,2026-08-11T04:43:01.195071+00:00
Povio,(unmatched),unmatched,0.0,startups.json,2026-08-11T04:43:01.195117+00:00
Clever,(unmatched),unmatched,0.0,startups.json,2026-08-11T04:43:01.195175+00:00
Tipjoy,(unmatched),unmatched,0.0,startups.json,2026-08-11T04:43:01.195232+00:00
Airware,(unmatched),unmatched,0.0,startups.json,2026-08-11T04:43:01.195307+00:00
Markhor,(unmatched),unmatched,0.0,startups.json,2026-08-11T04:43:01.195381+00:00
99dresses,(unmatched),unmatched,0.0,startups.json,2026-08-11T04:43:01.195468+00:00
Shape (ShapeScale),(unmatched),unmatched,0.0,startups.json,2026-08-11T04:43:01.195530+00:00
Gantto,(unmatched),unmatched,0.0,startups.json,2026-08-11T04:43:01.195588+00:00
Framebase,(unmatched),unmatched,0.0,startups.json,2026-08-11T04:43:01.195676+00:00
Scentbird,(unmatched),unmatched,0.0,startups.json,2026-08-11T04:43:01.195763+00:00
Infoharmoni,(unmatched),unmatched,0.0,startups.json,2026-08-11T04:43:01.195858+00:00
CyberFend,(unmatched),unmatched,0.0,startups.json,2026-08-11T04:43:01.195944+00:00
Pushbullet,(unmatched),unmatched,0.0,startups.json,2026-08-11T04:43:01.196028+00:00
Hiptype,(unmatched),unmatched,0.0,startups.json,2026-08-11T04:43:01.196100+00:00
Outbound,(unmatched),unmatched,0.0,startups.json,2026-08-11T04:43:01.196188+00:00
Zeplin,(unmatched),unmatched,0.0,startups.json,2026-08-11T04:43:01.196246+00:00
mRelief,(unmatched),unmatched,0.0,startups.json,2026-08-11T04:43:01.196324+00:00
MineralSoft,(unmatched),unmatched,0.0,startups.json,2026-08-11T04:43:01.196420+00:00
Homejoy,(unmatched),unmatched,0.0,startups.json,2026-08-11T04:43:01.196494+00:00
HigherMe,(unmatched),unmatched,0.0,startups.json,2026-08-11T04:43:01.196586+00:00
Goldbelly,(unmatched),unmatched,0.0,startups.json,2026-08-11T04:43:01.196674+00:00
FileStack,(unmatched),unmatched,0.0,startups.json,2026-08-11T04:43:01.196761+00:00
Notifo,(unmatched),unmatched,0.0,startups.json,2026-08-11T04:43:01.196818+00:00
Locent,(unmatched),unmatched,0.0,startups.json,2026-08-11T04:43:01.196876+00:00
Airshared,(unmatched),unmatched,0.0,startups.json,2026-08-11T04:43:01.196962+00:00
URX,(unmatched),unmatched,0.0,startups.json,2026-08-11T04:43:01.196992+00:00
Authy,(unmatched),unmatched,0.0,startups.json,2026-08-11T04:43:01.197038+00:00
Teespring,(unmatched),unmatched,0.0,startups.json,2026-08-11T04:43:01.197124+00:00
Dabble,(unmatched),unmatched,0.0,startups.json,2026-08-11T04:43:01.197183+00:00
Cheddar,(unmatched),unmatched,0.0,startups.json,2026-08-11T04:43:01.197256+00:00
Microhealth,(unmatched),unmatched,0.0,startups.json,2026-08-11T04:43:01.197352+00:00
jEugene,(unmatched),unmatched,0.0,startups.json,2026-08-11T04:43:01.197425+00:00
Eligible,(unmatched),unmatched,0.0,startups.json,2026-08-11T04:43:01.197515+00:00
Userfox,(unmatched),unmatched,0.0,startups.json,2026-08-11T04:43:01.197587+00:00
Leada,(unmatched),unmatched,0.0,startups.json,2026-08-11T04:43:01.197632+00:00
Listia,(unmatched),unmatched,0.0,startups.json,2026-08-11T04:43:01.197690+00:00
Nextop,(unmatched),unmatched,0.0,startups.json,2026-08-11T04:43:01.197746+00:00
Rocketrip,(unmatched),unmatched,0.0,startups.json,2026-08-11T04:43:01.197833+00:00
Pigeonly,(unmatched),unmatched,0.0,startups.json,2026-08-11T04:43:01.197923+00:00
Collections,(unmatched),unmatched,0.0,startups.json,2026-08-11T04:43:01.198017+00:00
CircuitHub,(unmatched),unmatched,0.0,startups.json,2026-08-11T04:43:01.198102+00:00
Reduced Energy Microsystems,(unmatched),unmatched,0.0,startups.json,2026-08-11T04:43:01.198141+00:00
Bistrobot,(unmatched),unmatched,0.0,startups.json,2026-08-11T04:43:01.198226+00:00
Ohm,(unmatched),unmatched,0.0,startups.json,2026-08-11T04:43:01.198256+00:00
Stripe,(unmatched),unmatched,0.0,startups.json,2026-08-11T04:43:01.198319+00:00
Mixwit,(unmatched),unmatched,0.0,startups.json,2026-08-11T04:43:01.198378+00:00
Function of Beauty,(unmatched),unmatched,0.0,startups.json,2026-08-11T04:43:01.198427+00:00
GazeHawk,(unmatched),unmatched,0.0,startups.json,2026-08-11T04:43:01.198517+00:00
GiveCampus,(unmatched),unmatched,0.0,startups.json,2026-08-11T04:43:01.198603+00:00
WorkLife,(unmatched),unmatched,0.0,startups.json,2026-08-11T04:43:01.198692+00:00
Shoobs,(unmatched),unmatched,0.0,startups.json,2026-08-11T04:43:01.198749+00:00
Labdoor,(unmatched),unmatched,0.0,startups.json,2026-08-11T04:43:01.198820+00:00
iCracked,(unmatched),unmatched,0.0,startups.json,2026-08-11T04:43:01.198909+00:00
Leftronic,(unmatched),unmatched,0.0,startups.json,2026-08-11T04:43:01.198995+00:00
ZumoDrive,(unmatched),unmatched,0.0,startups.json,2026-08-11T04:43:01.199082+00:00
Per Vices,(unmatched),unmatched,0.0,startups.json,2026-08-11T04:43:01.199169+00:00
Newslabs,(unmatched),unmatched,0.0,startups.json,2026-08-11T04:43:01.199258+00:00
HighlightCam,(unmatched),unmatched,0.0,startups.json,2026-08-11T04:43:01.199343+00:00
SketchDeck,(unmatched),unmatched,0.0,startups.json,2026-08-11T04:43:01.199429+00:00
Platzi,(unmatched),unmatched,0.0,startups.json,2026-08-11T04:43:01.199486+00:00
Asseta,(unmatched),unmatched,0.0,startups.json,2026-08-11T04:43:01.199542+00:00
Booktrope,(unmatched),unmatched,0.0,startups.json,2026-08-11T04:43:01.199630+00:00
Shred Video,(unmatched),unmatched,0.0,startups.json,2026-08-11T04:43:01.199726+00:00
Loom,(unmatched),unmatched,0.0,startups.json,2026-08-11T04:43:01.199760+00:00
Upbeat,(unmatched),unmatched,0.0,startups.json,2026-08-11T04:43:01.199816+00:00
BarSense,(unmatched),unmatched,0.0,startups.json,2026-08-11T04:43:01.199904+00:00
Lever,(unmatched),unmatched,0.0,startups.json,2026-08-11T04:43:01.199948+00:00
Teleborder,(unmatched),unmatched,0.0,startups.json,2026-08-11T04:43:01.200032+00:00
SocialPicks,(unmatched),unmatched,0.0,startups.json,2026-08-11T04:43:01.200126+00:00
Instavest,(unmatched),unmatched,0.0,startups.json,2026-08-11T04:43:01.200211+00:00
Standard Treasury,(unmatched),unmatched,0.0,startups.json,2026-08-11T04:43:01.200264+00:00
DataNitro,(unmatched),unmatched,0.0,startups.json,2026-08-11T04:43:01.200357+00:00
Priime,(unmatched),unmatched,0.0,startups.json,2026-08-11T04:43:01.200419+00:00
PocketSuite,(unmatched),unmatched,0.0,startups.json,2026-08-11T04:43:01.200516+00:00
Upwave,(unmatched),unmatched,0.0,startups.json,2026-08-11T04:43:01.200573+00:00
Toymail,(unmatched),unmatched,0.0,startups.json,2026-08-11T04:43:01.200647+00:00
MerryMint,(unmatched),unmatched,0.0,startups.json,2026-08-11T04:43:01.200733+00:00
PlanGrid,(unmatched),unmatched,0.0,startups.json,2026-08-11T04:43:01.200823+00:00
Omniref,(unmatched),unmatched,0.0,startups.json,2026-08-11T04:43:01.200895+00:00
Bump,(unmatched),unmatched,0.0,startups.json,2026-08-11T04:43:01.200930+00:00
Pretty Instant,(unmatched),unmatched,0.0,startups.json,2026-08-11T04:43:01.200992+00:00
Documents.Me,(unmatched),unmatched,0.0,startups.json,2026-08-11T04:43:01.201090+00:00
Razorpay,(unmatched),unmatched,0.0,startups.json,2026-08-11T04:43:01.201180+00:00
Flutter,(unmatched),unmatched,0.0,startups.json,2026-08-11T04:43:01.201253+00:00
iJigg/Top440,(unmatched),unmatched,0.0,startups.json,2026-08-11T04:43:01.201349+00:00
WireOver,(unmatched),unmatched,0.0,startups.json,2026-08-11T04:43:01.201438+00:00
Snapdocs,(unmatched),unmatched,0.0,startups.json,2026-08-11T04:43:01.201527+00:00
Appjet,(unmatched),unmatched,0.0,startups.json,2026-08-11T04:43:01.201593+00:00
Watsi,(unmatched),unmatched,0.0,startups.json,2026-08-11T04:43:01.201661+00:00
Dreamforge,(unmatched),unmatched,0.0,startups.json,2026-08-11T04:43:01.201805+00:00
Opzi,(unmatched),unmatched,0.0,startups.json,2026-08-11T04:43:01.201856+00:00
StackMachine,(unmatched),unmatched,0.0,startups.json,2026-08-11T04:43:01.201948+00:00
Rescue Forensics,(unmatched),unmatched,0.0,startups.json,2026-08-11T04:43:01.202011+00:00
StyleBee,(unmatched),unmatched,0.0,startups.json,2026-08-11T04:43:01.202099+00:00
Shopagram,(unmatched),unmatched,0.0,startups.json,2026-08-11T04:43:01.202185+00:00
Stealth Worker,(unmatched),unmatched,0.0,startups.json,2026-08-11T04:43:01.202246+00:00
Luciq (formerly Instabug),(unmatched),unmatched,0.0,startups.json,2026-08-11T04:43:01.202288+00:00
Popular Pays,(unmatched),unmatched,0.0,startups.json,2026-08-11T04:43:01.202387+00:00
SolidStage,(unmatched),unmatched,0.0,startups.json,2026-08-11T04:43:01.202477+00:00
7cups,(unmatched),unmatched,0.0,startups.json,2026-08-11T04:43:01.202522+00:00
Vayable,(unmatched),unmatched,0.0,startups.json,2026-08-11T04:43:01.202596+00:00
Motionlead,(unmatched),unmatched,0.0,startups.json,2026-08-11T04:43:01.202682+00:00
OctaveWealth,(unmatched),unmatched,0.0,startups.json,2026-08-11T04:43:01.202769+00:00
Anywhere.FM,(unmatched),unmatched,0.0,startups.json,2026-08-11T04:43:01.202857+00:00
Directed Edge,(unmatched),unmatched,0.0,startups.json,2026-08-11T04:43:01.202933+00:00
DailyBooth,(unmatched),unmatched,0.0,startups.json,2026-08-11T04:43:01.203021+00:00
Kickpay,(unmatched),unmatched,0.0,startups.json,2026-08-11T04:43:01.203095+00:00
SendHub,(unmatched),unmatched,0.0,startups.json,2026-08-11T04:43:01.203168+00:00
Moltin,(unmatched),unmatched,0.0,startups.json,2026-08-11T04:43:01.203226+00:00
YourMechanic,(unmatched),unmatched,0.0,startups.json,2026-08-11T04:43:01.203314+00:00
Post.fm,(unmatched),unmatched,0.0,startups.json,2026-08-11T04:43:01.203373+00:00
Cloudstitch,(unmatched),unmatched,0.0,startups.json,2026-08-11T04:43:01.203468+00:00
RethinkDB,(unmatched),unmatched,0.0,startups.json,2026-08-11T04:43:01.203558+00:00
BufferBox,(unmatched),unmatched,0.0,startups.json,2026-08-11T04:43:01.203644+00:00
Paperspace,(unmatched),unmatched,0.0,startups.json,2026-08-11T04:43:01.203731+00:00
BloomThat,(unmatched),unmatched,0.0,startups.json,2026-08-11T04:43:01.203817+00:00
Xendit,(unmatched),unmatched,0.0,startups.json,2026-08-11T04:43:01.203875+00:00
Style Lend,(unmatched),unmatched,0.0,startups.json,2026-08-11T04:43:01.203962+00:00
FutureAdvisor,(unmatched),unmatched,0.0,startups.json,2026-08-11T04:43:01.204035+00:00
inDinero,(unmatched),unmatched,0.0,startups.json,2026-08-11T04:43:01.204123+00:00
Rickshaw,(unmatched),unmatched,0.0,startups.json,2026-08-11T04:43:01.204214+00:00
Open Listings,(unmatched),unmatched,0.0,startups.json,2026-08-11T04:43:01.204286+00:00
WePay,(unmatched),unmatched,0.0,startups.json,2026-08-11T04:43:01.204339+00:00
CoreOS,(unmatched),unmatched,0.0,startups.json,2026-08-11T04:43:01.204400+00:00
Guesty,(unmatched),unmatched,0.0,startups.json,2026-08-11T04:43:01.204458+00:00
BuildScience,(unmatched),unmatched,0.0,startups.json,2026-08-11T04:43:01.204545+00:00
1000Memories,(unmatched),unmatched,0.0,startups.json,2026-08-11T04:43:01.204632+00:00
Hipmob,(unmatched),unmatched,0.0,startups.json,2026-08-11T04:43:01.204690+00:00
SalesSift,(unmatched),unmatched,0.0,startups.json,2026-08-11T04:43:01.204776+00:00
Hackermeter,(unmatched),unmatched,0.0,startups.json,2026-08-11T04:43:01.204871+00:00
AeroFS,(unmatched),unmatched,0.0,startups.json,2026-08-11T04:43:01.204928+00:00
MyVR,(unmatched),unmatched,0.0,startups.json,2026-08-11T04:43:01.204963+00:00
WorkFlowy,(unmatched),unmatched,0.0,startups.json,2026-08-11T04:43:01.205049+00:00
Edyn,(unmatched),unmatched,0.0,startups.json,2026-08-11T04:43:01.205084+00:00
Seed,(unmatched),unmatched,0.0,startups.json,2026-08-11T04:43:01.205117+00:00
Profig,(unmatched),unmatched,0.0,startups.json,2026-08-11T04:43:01.205174+00:00
Crowdery,(unmatched),unmatched,0.0,startups.json,2026-08-11T04:43:01.205264+00:00
FanHero,(unmatched),unmatched,0.0,startups.json,2026-08-11T04:43:01.205337+00:00
Sendwave,(unmatched),unmatched,0.0,startups.json,2026-08-11T04:43:01.205427+00:00
ReadMe,(unmatched),unmatched,0.0,startups.json,2026-08-11T04:43:01.205486+00:00
Crohnology (by Healthy Labs),(unmatched),unmatched,0.0,startups.json,2026-08-11T04:43:01.205527+00:00
HauteDay,(unmatched),unmatched,0.0,startups.json,2026-08-11T04:43:01.205616+00:00
Olark,(unmatched),unmatched,0.0,startups.json,2026-08-11T04:43:01.205660+00:00
PagerDuty,(unmatched),unmatched,0.0,startups.json,2026-08-11T04:43:01.205747+00:00
Partnered,(unmatched),unmatched,0.0,startups.json,2026-08-11T04:43:01.205834+00:00
Fuzzwich,(unmatched),unmatched,0.0,startups.json,2026-08-11T04:43:01.205923+00:00
Nebia,(unmatched),unmatched,0.0,startups.json,2026-08-11T04:43:01.205967+00:00
HireArt,(unmatched),unmatched,0.0,startups.json,2026-08-11T04:43:01.206039+00:00
TrueVault,(unmatched),unmatched,0.0,startups.json,2026-08-11T04:43:01.206127+00:00
Standard Cyborg,(unmatched),unmatched,0.0,startups.json,2026-08-11T04:43:01.206189+00:00
Tab,(unmatched),unmatched,0.0,startups.json,2026-08-11T04:43:01.206219+00:00
Pachyderm,(unmatched),unmatched,0.0,startups.json,2026-08-11T04:43:01.206307+00:00
ReSchedule Med,(unmatched),unmatched,0.0,startups.json,2026-08-11T04:43:01.206376+00:00
Medmonk,(unmatched),unmatched,0.0,startups.json,2026-08-11T04:43:01.206450+00:00
Jobspice,(unmatched),unmatched,0.0,startups.json,2026-08-11T04:43:01.206542+00:00
Brace,(unmatched),unmatched,0.0,startups.json,2026-08-11T04:43:01.206588+00:00
NewsBlur,(unmatched),unmatched,0.0,startups.json,2026-08-11T04:43:01.206679+00:00
42Floors,(unmatched),unmatched,0.0,startups.json,2026-08-11T04:43:01.206768+00:00
Apptimize,(unmatched),unmatched,0.0,startups.json,2026-08-11T04:43:01.206858+00:00
Natero,(unmatched),unmatched,0.0,startups.json,2026-08-11T04:43:01.206916+00:00
Unicornly,(unmatched),unmatched,0.0,startups.json,2026-08-11T04:43:01.207004+00:00
Shift Messenger,(unmatched),unmatched,0.0,startups.json,2026-08-11T04:43:01.207065+00:00
Mixpanel,(unmatched),unmatched,0.0,startups.json,2026-08-11T04:43:01.207157+00:00
Medigram,(unmatched),unmatched,0.0,startups.json,2026-08-11T04:43:01.207248+00:00
Zenflow,(unmatched),unmatched,0.0,startups.json,2026-08-11T04:43:01.207321+00:00
Virtualmin,(unmatched),unmatched,0.0,startups.json,2026-08-11T04:43:01.207407+00:00
NetBeez,(unmatched),unmatched,0.0,startups.json,2026-08-11T04:43:01.207480+00:00
Spoil,(unmatched),unmatched,0.0,startups.json,2026-08-11T04:43:01.207526+00:00
Posmetrics,(unmatched),unmatched,0.0,startups.json,2026-08-11T04:43:01.207613+00:00
Transcriptic,(unmatched),unmatched,0.0,startups.json,2026-08-11T04:43:01.207699+00:00
Terravion,(unmatched),unmatched,0.0,startups.json,2026-08-11T04:43:01.207786+00:00
Xfers,(unmatched),unmatched,0.0,startups.json,2026-08-11T04:43:01.207833+00:00
Ark,(unmatched),unmatched,0.0,startups.json,2026-08-11T04:43:01.207870+00:00
Y Combinator,(unmatched),unmatched,0.0,startups.json,2026-08-11T04:43:01.207958+00:00
Tuxebo,(unmatched),unmatched,0.0,startups.json,2026-08-11T04:43:01.208016+00:00
Couple,(unmatched),unmatched,0.0,startups.json,2026-08-11T04:43:01.208073+00:00
Submittable,(unmatched),unmatched,0.0,startups.json,2026-08-11T04:43:01.208169+00:00
Weebly,(unmatched),unmatched,0.0,startups.json,2026-08-11T04:43:01.208246+00:00
Kippt,(unmatched),unmatched,0.0,startups.json,2026-08-11T04:43:01.208294+00:00
Wit.ai,(unmatched),unmatched,0.0,startups.json,2026-08-11T04:43:01.208371+00:00
PlateJoy,(unmatched),unmatched,0.0,startups.json,2026-08-11T04:43:01.208515+00:00
The Muse,(unmatched),unmatched,0.0,startups.json,2026-08-11T04:43:01.208608+00:00
Amiato,(unmatched),unmatched,0.0,startups.json,2026-08-11T04:43:01.208666+00:00
Valor Water Analytics,(unmatched),unmatched,0.0,startups.json,2026-08-11T04:43:01.208707+00:00
Fanvibe,(unmatched),unmatched,0.0,startups.json,2026-08-11T04:43:01.208780+00:00
Sails Co.,(unmatched),unmatched,0.0,startups.json,2026-08-11T04:43:01.208828+00:00
Newcope,(unmatched),unmatched,0.0,startups.json,2026-08-11T04:43:01.208901+00:00
Ready For Zero,(unmatched),unmatched,0.0,startups.json,2026-08-11T04:43:01.208962+00:00
Caper,(unmatched),unmatched,0.0,startups.json,2026-08-11T04:43:01.209008+00:00
Revl,(unmatched),unmatched,0.0,startups.json,2026-08-11T04:43:01.209042+00:00
"Estimote, Inc.",(unmatched),unmatched,0.0,startups.json,2026-08-11T04:43:01.209133+00:00
Bountii,(unmatched),unmatched,0.0,startups.json,2026-08-11T04:43:01.209206+00:00
Mattermark,(unmatched),unmatched,0.0,startups.json,2026-08-11T04:43:01.209291+00:00
Docker,(unmatched),unmatched,0.0,startups.json,2026-08-11T04:43:01.209349+00:00
Fridge,(unmatched),unmatched,0.0,startups.json,2026-08-11T04:43:01.209406+00:00
Pulpix,(unmatched),unmatched,0.0,startups.json,2026-08-11T04:43:01.209463+00:00
Fanchatter,(unmatched),unmatched,0.0,startups.json,2026-08-11T04:43:01.209548+00:00
Plurchase,(unmatched),unmatched,0.0,startups.json,2026-08-11T04:43:01.209636+00:00
Rescale,(unmatched),unmatched,0.0,startups.json,2026-08-11T04:43:01.209708+00:00
Zapier,(unmatched),unmatched,0.0,startups.json,2026-08-11T04:43:01.209765+00:00
Carsabi,(unmatched),unmatched,0.0,startups.json,2026-08-11T04:43:01.209836+00:00
Smarking,(unmatched),unmatched,0.0,startups.json,2026-08-11T04:43:01.209926+00:00
Tapzilla,(unmatched),unmatched,0.0,startups.json,2026-08-11T04:43:01.210015+00:00
Zidisha,(unmatched),unmatched,0.0,startups.json,2026-08-11T04:43:01.210087+00:00
SIRUM,(unmatched),unmatched,0.0,startups.json,2026-08-11T04:43:01.210132+00:00
Shift Labs,(unmatched),unmatched,0.0,startups.json,2026-08-11T04:43:01.210218+00:00
Zesty,(unmatched),unmatched,0.0,startups.json,2026-08-11T04:43:01.210263+00:00
GraffitiGeo,(unmatched),unmatched,0.0,startups.json,2026-08-11T04:43:01.210364+00:00
Whereoscope,(unmatched),unmatched,0.0,startups.json,2026-08-11T04:43:01.210461+00:00
Shopular,(unmatched),unmatched,0.0,startups.json,2026-08-11T04:43:01.210551+00:00
Buxfer,(unmatched),unmatched,0.0,startups.json,2026-08-11T04:43:01.210608+00:00
Octopart,(unmatched),unmatched,0.0,startups.json,2026-08-11T04:43:01.210696+00:00
Hello Chair,(unmatched),unmatched,0.0,startups.json,2026-08-11T04:43:01.210793+00:00
Hipset,(unmatched),unmatched,0.0,startups.json,2026-08-11T04:43:01.210850+00:00
Tempo,(unmatched),unmatched,0.0,startups.json,2026-08-11T04:43:01.210895+00:00
VoiceGem,(unmatched),unmatched,0.0,startups.json,2026-08-11T04:43:01.210984+00:00
Zinc,(unmatched),unmatched,0.0,startups.json,2026-08-11T04:43:01.211017+00:00
Wink Health,(unmatched),unmatched,0.0,startups.json,2026-08-11T04:43:01.211112+00:00
Flightcaster,(unmatched),unmatched,0.0,startups.json,2026-08-11T04:43:01.211195+00:00
Picplum,(unmatched),unmatched,0.0,startups.json,2026-08-11T04:43:01.211267+00:00
Tap to Learn,(unmatched),unmatched,0.0,startups.json,2026-08-11T04:43:01.211355+00:00
Fond,(unmatched),unmatched,0.0,startups.json,2026-08-11T04:43:01.211391+00:00
Graft Concepts,(unmatched),unmatched,0.0,startups.json,2026-08-11T04:43:01.211450+00:00
TeamNote,(unmatched),unmatched,0.0,startups.json,2026-08-11T04:43:01.211539+00:00
Zenter,(unmatched),unmatched,0.0,startups.json,2026-08-11T04:43:01.211597+00:00
X-Zell,(unmatched),unmatched,0.0,startups.json,2026-08-11T04:43:01.211643+00:00
Eivod,(unmatched),unmatched,0.0,startups.json,2026-08-11T04:43:01.211687+00:00
Socialcam,(unmatched),unmatched,0.0,startups.json,2026-08-11T04:43:01.211775+00:00
Priceonomics,(unmatched),unmatched,0.0,startups.json,2026-08-11T04:43:01.211862+00:00
Pribbit,(unmatched),unmatched,0.0,startups.json,2026-08-11T04:43:01.211936+00:00
SigOpt,(unmatched),unmatched,0.0,startups.json,2026-08-11T04:43:01.211993+00:00
SlidePay,(unmatched),unmatched,0.0,startups.json,2026-08-11T04:43:01.212084+00:00
Benchling,(unmatched),unmatched,0.0,startups.json,2026-08-11T04:43:01.212169+00:00
Vanhawks,(unmatched),unmatched,0.0,startups.json,2026-08-11T04:43:01.212258+00:00
Splashup,(unmatched),unmatched,0.0,startups.json,2026-08-11T04:43:01.212353+00:00
NudgePad,(unmatched),unmatched,0.0,startups.json,2026-08-11T04:43:01.212446+00:00
Algolia,(unmatched),unmatched,0.0,startups.json,2026-08-11T04:43:01.212520+00:00
Hum,(unmatched),unmatched,0.0,startups.json,2026-08-11T04:43:01.212551+00:00
Makrwatch,(unmatched),unmatched,0.0,startups.json,2026-08-11T04:43:01.212641+00:00
BookSolid,(unmatched),unmatched,0.0,startups.json,2026-08-11T04:43:01.212727+00:00
Clutch,(unmatched),unmatched,0.0,startups.json,2026-08-11T04:43:01.212785+00:00
Koduco,(unmatched),unmatched,0.0,startups.json,2026-08-11T04:43:01.212843+00:00
Optilly/Installmonetizer,(unmatched),unmatched,0.0,startups.json,2026-08-11T04:43:01.212883+00:00
Flightfox,(unmatched),unmatched,0.0,startups.json,2026-08-11T04:43:01.212969+00:00
ContestMachine,(unmatched),unmatched,0.0,startups.json,2026-08-11T04:43:01.213028+00:00
HackPad,(unmatched),unmatched,0.0,startups.json,2026-08-11T04:43:01.213103+00:00
Gobble,(unmatched),unmatched,0.0,startups.json,2026-08-11T04:43:01.213160+00:00
Bagaveev Corporation,(unmatched),unmatched,0.0,startups.json,2026-08-11T04:43:01.213253+00:00
AdGrok,(unmatched),unmatched,0.0,startups.json,2026-08-11T04:43:01.213311+00:00
Apollo,(unmatched),unmatched,0.0,startups.json,2026-08-11T04:43:01.213367+00:00
Biographicon,(unmatched),unmatched,0.0,startups.json,2026-08-11T04:43:01.213454+00:00
Lingt,(unmatched),unmatched,0.0,startups.json,2026-08-11T04:43:01.213499+00:00
DoorDash,(unmatched),unmatched,0.0,startups.json,2026-08-11T04:43:01.213588+00:00
Whitenoise,(unmatched),unmatched,0.0,startups.json,2026-08-11T04:43:01.213673+00:00
Glio,(unmatched),unmatched,0.0,startups.json,2026-08-11T04:43:01.213708+00:00
SimpleLegal,(unmatched),unmatched,0.0,startups.json,2026-08-11T04:43:01.213803+00:00
Remix,(unmatched),unmatched,0.0,startups.json,2026-08-11T04:43:01.213848+00:00
TRAC,(unmatched),unmatched,0.0,startups.json,2026-08-11T04:43:01.213882+00:00
Clickpass,(unmatched),unmatched,0.0,startups.json,2026-08-11T04:43:01.213968+00:00
Coinbase,(unmatched),unmatched,0.0,startups.json,2026-08-11T04:43:01.214059+00:00
ReelSurfer,(unmatched),unmatched,0.0,startups.json,2026-08-11T04:43:01.214145+00:00
Pave,(unmatched),unmatched,0.0,startups.json,2026-08-11T04:43:01.214180+00:00
HackerRank,(unmatched),unmatched,0.0,startups.json,2026-08-11T04:43:01.214267+00:00
Lully,(unmatched),unmatched,0.0,startups.json,2026-08-11T04:43:01.214312+00:00
RoboHR,(unmatched),unmatched,0.0,startups.json,2026-08-11T04:43:01.214373+00:00
Mertado,(unmatched),unmatched,0.0,startups.json,2026-08-11T04:43:01.214448+00:00
Casetext,(unmatched),unmatched,0.0,startups.json,2026-08-11T04:43:01.214534+00:00
Keychain Logistics,(unmatched),unmatched,0.0,startups.json,2026-08-11T04:43:01.214582+00:00
Tastemaker,(unmatched),unmatched,0.0,startups.json,2026-08-11T04:43:01.214666+00:00
Floobits,(unmatched),unmatched,0.0,startups.json,2026-08-11T04:43:01.214755+00:00
View3,(unmatched),unmatched,0.0,startups.json,2026-08-11T04:43:01.214799+00:00
Rare Door,(unmatched),unmatched,0.0,startups.json,2026-08-11T04:43:01.214886+00:00
GBatteries,(unmatched),unmatched,0.0,startups.json,2026-08-11T04:43:01.214970+00:00
500Friends,(unmatched),unmatched,0.0,startups.json,2026-08-11T04:43:01.215054+00:00
Cofactor Genomics,(unmatched),unmatched,0.0,startups.json,2026-08-11T04:43:01.215107+00:00
Chariot,(unmatched),unmatched,0.0,startups.json,2026-08-11T04:43:01.215224+00:00
GoScale,(unmatched),unmatched,0.0,startups.json,2026-08-11T04:43:01.215301+00:00
EasyPost,(unmatched),unmatched,0.0,startups.json,2026-08-11T04:43:01.215390+00:00
SpoonRocket,(unmatched),unmatched,0.0,startups.json,2026-08-11T04:43:01.215487+00:00
WriteWith,(unmatched),unmatched,0.0,startups.json,2026-08-11T04:43:01.215573+00:00
Pakible,(unmatched),unmatched,0.0,startups.json,2026-08-11T04:43:01.215646+00:00
"80,000 Hours",(unmatched),unmatched,0.0,startups.json,2026-08-11T04:43:01.215745+00:00
Reble,(unmatched),unmatched,0.0,startups.json,2026-08-11T04:43:01.215789+00:00
Genius,(unmatched),unmatched,0.0,startups.json,2026-08-11T04:43:01.215847+00:00
Buttercoin,(unmatched),unmatched,0.0,startups.json,2026-08-11T04:43:01.215933+00:00
Cratejoy,(unmatched),unmatched,0.0,startups.json,2026-08-11T04:43:01.216022+00:00
Unbabel,(unmatched),unmatched,0.0,startups.json,2026-08-11T04:43:01.216094+00:00
Flip,(unmatched),unmatched,0.0,startups.json,2026-08-11T04:43:01.216129+00:00
ZowPow,(unmatched),unmatched,0.0,startups.json,2026-08-11T04:43:01.216185+00:00
Bitmovin,(unmatched),unmatched,0.0,startups.json,2026-08-11T04:43:01.216274+00:00
Tara AI,(unmatched),unmatched,0.0,startups.json,2026-08-11T04:43:01.216355+00:00
MixerBox,(unmatched),unmatched,0.0,startups.json,2026-08-11T04:43:01.216447+00:00
Vest,(unmatched),unmatched,0.0,startups.json,2026-08-11T04:43:01.216482+00:00
OneSignal,(unmatched),unmatched,0.0,startups.json,2026-08-11T04:43:01.216568+00:00
BackerKit,(unmatched),unmatched,0.0,startups.json,2026-08-11T04:43:01.216654+00:00
Meetyu,(unmatched),unmatched,0.0,startups.json,2026-08-11T04:43:01.216712+00:00
Bitplay,(unmatched),unmatched,0.0,startups.json,2026-08-11T04:43:01.216786+00:00
Credictive,(unmatched),unmatched,0.0,startups.json,2026-08-11T04:43:01.216871+00:00
Socialmoth,(unmatched),unmatched,0.0,startups.json,2026-08-11T04:43:01.216957+00:00
Redspread,(unmatched),unmatched,0.0,startups.json,2026-08-11T04:43:01.217043+00:00
LocalOn,(unmatched),unmatched,0.0,startups.json,2026-08-11T04:43:01.217116+00:00
Resolve,(unmatched),unmatched,0.0,startups.json,2026-08-11T04:43:01.217188+00:00
OpenCurriculum,(unmatched),unmatched,0.0,startups.json,2026-08-11T04:43:01.217248+00:00
Zigfu,(unmatched),unmatched,0.0,startups.json,2026-08-11T04:43:01.217293+00:00
Replika,(unmatched),unmatched,0.0,startups.json,2026-08-11T04:43:01.217366+00:00
Paystack,(unmatched),unmatched,0.0,startups.json,2026-08-11T04:43:01.217455+00:00
Fabricly,(unmatched),unmatched,0.0,startups.json,2026-08-11T04:43:01.217545+00:00
Scribd,(unmatched),unmatched,0.0,startups.json,2026-08-11T04:43:01.217608+00:00
Glider,(unmatched),unmatched,0.0,startups.json,2026-08-11T04:43:01.217784+00:00
Crocodoc,(unmatched),unmatched,0.0,startups.json,2026-08-11T04:43:01.217886+00:00
Stackq,(unmatched),unmatched,0.0,startups.json,2026-08-11T04:43:01.217947+00:00
Senic,(unmatched),unmatched,0.0,startups.json,2026-08-11T04:43:01.217992+00:00
RentHop,(unmatched),unmatched,0.0,startups.json,2026-08-11T04:43:01.218064+00:00
GoComm,(unmatched),unmatched,0.0,startups.json,2026-08-11T04:43:01.218122+00:00
FamilyLeaf,(unmatched),unmatched,0.0,startups.json,2026-08-11T04:43:01.218208+00:00
YesGraph,(unmatched),unmatched,0.0,startups.json,2026-08-11T04:43:01.218298+00:00
PayDragon,(unmatched),unmatched,0.0,startups.json,2026-08-11T04:43:01.218395+00:00
Embedly,(unmatched),unmatched,0.0,startups.json,2026-08-11T04:43:01.218470+00:00
Instawork,(unmatched),unmatched,0.0,startups.json,2026-08-11T04:43:01.218558+00:00
Podium,(unmatched),unmatched,0.0,startups.json,2026-08-11T04:43:01.218617+00:00
Matterport,(unmatched),unmatched,0.0,startups.json,2026-08-11T04:43:01.218702+00:00
Interstate Analytics,(unmatched),unmatched,0.0,startups.json,2026-08-11T04:43:01.218745+00:00
Heysan,(unmatched),unmatched,0.0,startups.json,2026-08-11T04:43:01.218804+00:00
Recurious,(unmatched),unmatched,0.0,startups.json,2026-08-11T04:43:01.218892+00:00
Lockitron,(unmatched),unmatched,0.0,startups.json,2026-08-11T04:43:01.218978+00:00
Whirlscape,(unmatched),unmatched,0.0,startups.json,2026-08-11T04:43:01.219067+00:00
Shoptiques,(unmatched),unmatched,0.0,startups.json,2026-08-11T04:43:01.219153+00:00
NimbleRx,(unmatched),unmatched,0.0,startups.json,2026-08-11T04:43:01.219243+00:00
Underground Cellar,(unmatched),unmatched,0.0,startups.json,2026-08-11T04:43:01.219292+00:00
Jamglue,(unmatched),unmatched,0.0,startups.json,2026-08-11T04:43:01.219367+00:00
Xobni,(unmatched),unmatched,0.0,startups.json,2026-08-11T04:43:01.219413+00:00
Gusto,(unmatched),unmatched,0.0,startups.json,2026-08-11T04:43:01.219458+00:00
One Month,(unmatched),unmatched,0.0,startups.json,2026-08-11T04:43:01.219548+00:00
CarWoo,(unmatched),unmatched,0.0,startups.json,2026-08-11T04:43:01.219622+00:00
MessageParty,(unmatched),unmatched,0.0,startups.json,2026-08-11T04:43:01.219711+00:00
Avametric,(unmatched),unmatched,0.0,startups.json,2026-08-11T04:43:01.219799+00:00
Le Tote,(unmatched),unmatched,0.0,startups.json,2026-08-11T04:43:01.219874+00:00
Debteye,(unmatched),unmatched,0.0,startups.json,2026-08-11T04:43:01.219946+00:00
Font Awesome,(unmatched),unmatched,0.0,startups.json,2026-08-11T04:43:01.220036+00:00
Nomiku,(unmatched),unmatched,0.0,startups.json,2026-08-11T04:43:01.220094+00:00
Thinkature,(unmatched),unmatched,0.0,startups.json,2026-08-11T04:43:01.220180+00:00
CleverDeck,(unmatched),unmatched,0.0,startups.json,2026-08-11T04:43:01.220265+00:00
Panorama Education,(unmatched),unmatched,0.0,startups.json,2026-08-11T04:43:01.220312+00:00
Virool,(unmatched),unmatched,0.0,startups.json,2026-08-11T04:43:01.220376+00:00
Chute,(unmatched),unmatched,0.0,startups.json,2026-08-11T04:43:01.220423+00:00
Framed Data,(unmatched),unmatched,0.0,startups.json,2026-08-11T04:43:01.220519+00:00
WayUp,(unmatched),unmatched,0.0,startups.json,2026-08-11T04:43:01.220564+00:00
Wakemate,(unmatched),unmatched,0.0,startups.json,2026-08-11T04:43:01.220652+00:00
Unima,(unmatched),unmatched,0.0,startups.json,2026-08-11T04:43:01.220696+00:00
Optimizely,(unmatched),unmatched,0.0,startups.json,2026-08-11T04:43:01.220783+00:00
Wattvision,(unmatched),unmatched,0.0,startups.json,2026-08-11T04:43:01.220867+00:00
Talkito,(unmatched),unmatched,0.0,startups.json,2026-08-11T04:43:01.220938+00:00
Make School,(unmatched),unmatched,0.0,startups.json,2026-08-11T04:43:01.221035+00:00
Parallel Universe,(unmatched),unmatched,0.0,startups.json,2026-08-11T04:43:01.221088+00:00
AirPair,(unmatched),unmatched,0.0,startups.json,2026-08-11T04:43:01.221160+00:00
Immunity Project,(unmatched),unmatched,0.0,startups.json,2026-08-11T04:43:01.221220+00:00
Cleanly,(unmatched),unmatched,0.0,startups.json,2026-08-11T04:43:01.221292+00:00
Bonfire,(unmatched),unmatched,0.0,startups.json,2026-08-11T04:43:01.221363+00:00
Streak,(unmatched),unmatched,0.0,startups.json,2026-08-11T04:43:01.221419+00:00
Watchsend,(unmatched),unmatched,0.0,startups.json,2026-08-11T04:43:01.221512+00:00
Pixelapse,(unmatched),unmatched,0.0,startups.json,2026-08-11T04:43:01.221598+00:00
Auctomatic,(unmatched),unmatched,0.0,startups.json,2026-08-11T04:43:01.221684+00:00
Tsumobi,(unmatched),unmatched,0.0,startups.json,2026-08-11T04:43:01.221757+00:00
Aisle50,(unmatched),unmatched,0.0,startups.json,2026-08-11T04:43:01.221827+00:00
Lob,(unmatched),unmatched,0.0,startups.json,2026-08-11T04:43:01.221857+00:00
Vidpresso,(unmatched),unmatched,0.0,startups.json,2026-08-11T04:43:01.221942+00:00
Skysheet,(unmatched),unmatched,0.0,startups.json,2026-08-11T04:43:01.222030+00:00
GiveSpark,(unmatched),unmatched,0.0,startups.json,2026-08-11T04:43:01.222115+00:00
Foodoro,(unmatched),unmatched,0.0,startups.json,2026-08-11T04:43:01.222187+00:00
Screenleap,(unmatched),unmatched,0.0,startups.json,2026-08-11T04:43:01.222271+00:00
Salt Security,(unmatched),unmatched,0.0,startups.json,2026-08-11T04:43:01.222342+00:00
Minefold,(unmatched),unmatched,0.0,startups.json,2026-08-11T04:43:01.222437+00:00
VetPronto,(unmatched),unmatched,0.0,startups.json,2026-08-11T04:43:01.222523+00:00
Nowmov,(unmatched),unmatched,0.0,startups.json,2026-08-11T04:43:01.222580+00:00
Zencoder,(unmatched),unmatched,0.0,startups.json,2026-08-11T04:43:01.222669+00:00
Volantio,(unmatched),unmatched,0.0,startups.json,2026-08-11T04:43:01.222758+00:00
Patchwork Security,(unmatched),unmatched,0.0,startups.json,2026-08-11T04:43:01.222805+00:00
Assorted Bits,(unmatched),unmatched,0.0,startups.json,2026-08-11T04:43:01.222875+00:00
RegistryLove,(unmatched),unmatched,0.0,startups.json,2026-08-11T04:43:01.222961+00:00
Aptible,(unmatched),unmatched,0.0,startups.json,2026-08-11T04:43:01.223033+00:00
Eight Sleep,(unmatched),unmatched,0.0,startups.json,2026-08-11T04:43:01.223127+00:00
Amulyte,(unmatched),unmatched,0.0,startups.json,2026-08-11T04:43:01.223200+00:00
Science Exchange,(unmatched),unmatched,0.0,startups.json,2026-08-11T04:43:01.223261+00:00
MicroEval,(unmatched),unmatched,0.0,startups.json,2026-08-11T04:43:01.223348+00:00
Scoutzie,(unmatched),unmatched,0.0,startups.json,2026-08-11T04:43:01.223435+00:00
RealCrowd,(unmatched),unmatched,0.0,startups.json,2026-08-11T04:43:01.223521+00:00
Airbnb,(unmatched),unmatched,0.0,startups.json,2026-08-11T04:43:01.223578+00:00
Mashgin,(unmatched),unmatched,0.0,startups.json,2026-08-11T04:43:01.223650+00:00
Shasqi,(unmatched),unmatched,0.0,startups.json,2026-08-11T04:43:01.223706+00:00
OMGPop,(unmatched),unmatched,0.0,startups.json,2026-08-11T04:43:01.223762+00:00
Zip Phone,(unmatched),unmatched,0.0,startups.json,2026-08-11T04:43:01.223849+00:00
Quartzy,(unmatched),unmatched,0.0,startups.json,2026-08-11T04:43:01.223920+00:00
Bus.com,(unmatched),unmatched,0.0,startups.json,2026-08-11T04:43:01.223978+00:00
Go1,(unmatched),unmatched,0.0,startups.json,2026-08-11T04:43:01.224008+00:00
Spire Health,(unmatched),unmatched,0.0,startups.json,2026-08-11T04:43:01.224095+00:00
Quantierra,(unmatched),unmatched,0.0,startups.json,2026-08-11T04:43:01.224181+00:00
Traversal Networks,(unmatched),unmatched,0.0,startups.json,2026-08-11T04:43:01.224251+00:00
Likebetter,(unmatched),unmatched,0.0,startups.json,2026-08-11T04:43:01.224432+00:00
Reebee,(unmatched),unmatched,0.0,startups.json,2026-08-11T04:43:01.224511+00:00
Backpack,(unmatched),unmatched,0.0,startups.json,2026-08-11T04:43:01.224605+00:00
eBrandvalue,(unmatched),unmatched,0.0,startups.json,2026-08-11T04:43:01.224749+00:00
Freshplum,(unmatched),unmatched,0.0,startups.json,2026-08-11T04:43:01.224857+00:00
Codecademy,(unmatched),unmatched,0.0,startups.json,2026-08-11T04:43:01.224947+00:00
Exec,(unmatched),unmatched,0.0,startups.json,2026-08-11T04:43:01.224982+00:00
OwnLocal,(unmatched),unmatched,0.0,startups.json,2026-08-11T04:43:01.225070+00:00
Yhat,(unmatched),unmatched,0.0,startups.json,2026-08-11T04:43:01.225104+00:00
Meta,(unmatched),unmatched,0.0,startups.json,2026-08-11T04:43:01.225138+00:00
reMail,(unmatched),unmatched,0.0,startups.json,2026-08-11T04:43:01.225195+00:00
Bannerman,(unmatched),unmatched,0.0,startups.json,2026-08-11T04:43:01.225280+00:00
Enflux,(unmatched),unmatched,0.0,startups.json,2026-08-11T04:43:01.225336+00:00
Vastrm,(unmatched),unmatched,0.0,startups.json,2026-08-11T04:43:01.225393+00:00
Double Robotics,(unmatched),unmatched,0.0,startups.json,2026-08-11T04:43:01.225453+00:00
Viacycle,(unmatched),unmatched,0.0,startups.json,2026-08-11T04:43:01.225542+00:00
Raven Tech,(unmatched),unmatched,0.0,startups.json,2026-08-11T04:43:01.225629+00:00
Echodio,(unmatched),unmatched,0.0,startups.json,2026-08-11T04:43:01.225779+00:00
EquipmentShare,(unmatched),unmatched,0.0,startups.json,2026-08-11T04:43:01.225871+00:00
Arcus,(unmatched),unmatched,0.0,startups.json,2026-08-11T04:43:01.225924+00:00
Lumi,(unmatched),unmatched,0.0,startups.json,2026-08-11T04:43:01.225961+00:00
Parenthoods,(unmatched),unmatched,0.0,startups.json,2026-08-11T04:43:01.226134+00:00
Inkling,(unmatched),unmatched,0.0,startups.json,2026-08-11T04:43:01.226229+00:00
Teleport,(unmatched),unmatched,0.0,startups.json,2026-08-11T04:43:01.226326+00:00
Audobox,(unmatched),unmatched,0.0,startups.json,2026-08-11T04:43:01.226400+00:00
Lugg,(unmatched),unmatched,0.0,startups.json,2026-08-11T04:43:01.226435+00:00
Apollo.io,(unmatched),unmatched,0.0,startups.json,2026-08-11T04:43:01.226529+00:00
Amplitude,(unmatched),unmatched,0.0,startups.json,2026-08-11T04:43:01.226617+00:00
Dyspatch,(unmatched),unmatched,0.0,startups.json,2026-08-11T04:43:01.226709+00:00
Gamador,(unmatched),unmatched,0.0,startups.json,2026-08-11T04:43:01.226782+00:00
Segment,(unmatched),unmatched,0.0,startups.json,2026-08-11T04:43:01.226854+00:00
Mobydish,(unmatched),unmatched,0.0,startups.json,2026-08-11T04:43:01.226945+00:00
Clustrix,(unmatched),unmatched,0.0,startups.json,2026-08-11T04:43:01.227035+00:00
Lucira Health,(unmatched),unmatched,0.0,startups.json,2026-08-11T04:43:01.227110+00:00
Proxino,(unmatched),unmatched,0.0,startups.json,2026-08-11T04:43:01.227183+00:00
Giveffect,(unmatched),unmatched,0.0,startups.json,2026-08-11T04:43:01.227270+00:00
Celery,(unmatched),unmatched,0.0,startups.json,2026-08-11T04:43:01.227329+00:00
Coco Controller,(unmatched),unmatched,0.0,startups.json,2026-08-11T04:43:01.227390+00:00
Creative Market,(unmatched),unmatched,0.0,startups.json,2026-08-11T04:43:01.227451+00:00
Citus Data,(unmatched),unmatched,0.0,startups.json,2026-08-11T04:43:01.227549+00:00
Spaces Life,(unmatched),unmatched,0.0,startups.json,2026-08-11T04:43:01.227648+00:00
LendUp,(unmatched),unmatched,0.0,startups.json,2026-08-11T04:43:01.227707+00:00
Plivo,(unmatched),unmatched,0.0,startups.json,2026-08-11T04:43:01.227752+00:00
Butter Systems,(unmatched),unmatched,0.0,startups.json,2026-08-11T04:43:01.227812+00:00
Zenedy,(unmatched),unmatched,0.0,startups.json,2026-08-11T04:43:01.227870+00:00
Bikanta,(unmatched),unmatched,0.0,startups.json,2026-08-11T04:43:01.227943+00:00
Glassjar,(unmatched),unmatched,0.0,startups.json,2026-08-11T04:43:01.228033+00:00
Triplebyte,(unmatched),unmatched,0.0,startups.json,2026-08-11T04:43:01.228118+00:00
Tilt,(unmatched),unmatched,0.0,startups.json,2026-08-11T04:43:01.228152+00:00
Zillabyte,(unmatched),unmatched,0.0,startups.json,2026-08-11T04:43:01.228238+00:00
Vive,(unmatched),unmatched,0.0,startups.json,2026-08-11T04:43:01.228272+00:00
LaunchHear,(unmatched),unmatched,0.0,startups.json,2026-08-11T04:43:01.228357+00:00
Saida,(unmatched),unmatched,0.0,startups.json,2026-08-11T04:43:01.228401+00:00
Dealyze,(unmatched),unmatched,0.0,startups.json,2026-08-11T04:43:01.228474+00:00
StatusPage,(unmatched),unmatched,0.0,startups.json,2026-08-11T04:43:01.228558+00:00
Billforward,(unmatched),unmatched,0.0,startups.json,2026-08-11T04:43:01.228652+00:00
AgileMD,(unmatched),unmatched,0.0,startups.json,2026-08-11T04:43:01.228725+00:00
ThinAir,(unmatched),unmatched,0.0,startups.json,2026-08-11T04:43:01.228797+00:00
Industrial Microbes,(unmatched),unmatched,0.0,startups.json,2026-08-11T04:43:01.228846+00:00
GitLab,(unmatched),unmatched,0.0,startups.json,2026-08-11T04:43:01.228902+00:00
Marft,(unmatched),unmatched,0.0,startups.json,2026-08-11T04:43:01.228946+00:00
Stypi,(unmatched),unmatched,0.0,startups.json,2026-08-11T04:43:01.228990+00:00
All Screen,(unmatched),unmatched,0.0,startups.json,2026-08-11T04:43:01.229077+00:00
Leaders In Tech,(unmatched),unmatched,0.0,startups.json,2026-08-11T04:43:01.229137+00:00
AdThrow,(unmatched),unmatched,0.0,startups.json,2026-08-11T04:43:01.229210+00:00
Layer By Layer,(unmatched),unmatched,0.0,startups.json,2026-08-11T04:43:01.229270+00:00
Yardbook,(unmatched),unmatched,0.0,startups.json,2026-08-11T04:43:01.229359+00:00
Talkray (TiKL),(unmatched),unmatched,0.0,startups.json,2026-08-11T04:43:01.229445+00:00
Zipio,(unmatched),unmatched,0.0,startups.json,2026-08-11T04:43:01.229498+00:00
teaBOT,(unmatched),unmatched,0.0,startups.json,2026-08-11T04:43:01.229557+00:00
Fithub,(unmatched),unmatched,0.0,startups.json,2026-08-11T04:43:01.229616+00:00
Cardpool,(unmatched),unmatched,0.0,startups.json,2026-08-11T04:43:01.229708+00:00
Instantq,(unmatched),unmatched,0.0,startups.json,2026-08-11T04:43:01.229797+00:00
Study Edge,(unmatched),unmatched,0.0,startups.json,2026-08-11T04:43:01.229885+00:00
Automate Ads,(unmatched),unmatched,0.0,startups.json,2026-08-11T04:43:01.230001+00:00
Fountain,(unmatched),unmatched,0.0,startups.json,2026-08-11T04:43:01.230092+00:00
Everyday.me,(unmatched),unmatched,0.0,startups.json,2026-08-11T04:43:01.230179+00:00
Grouper,(unmatched),unmatched,0.0,startups.json,2026-08-11T04:43:01.230252+00:00
Serica,(unmatched),unmatched,0.0,startups.json,2026-08-11T04:43:01.230311+00:00
GetGoing,(unmatched),unmatched,0.0,startups.json,2026-08-11T04:43:01.230397+00:00
Bop.fm,(unmatched),unmatched,0.0,startups.json,2026-08-11T04:43:01.230444+00:00
Heyzap,(unmatched),unmatched,0.0,startups.json,2026-08-11T04:43:01.230500+00:00
Thread,(unmatched),unmatched,0.0,startups.json,2026-08-11T04:43:01.230557+00:00
Chillabit,(unmatched),unmatched,0.0,startups.json,2026-08-11T04:43:01.230643+00:00
Shoutfit,(unmatched),unmatched,0.0,startups.json,2026-08-11T04:43:01.230732+00:00
Project Wedding,(unmatched),unmatched,0.0,startups.json,2026-08-11T04:43:01.230792+00:00
Pollground,(unmatched),unmatched,0.0,startups.json,2026-08-11T04:43:01.230877+00:00
Cue,(unmatched),unmatched,0.0,startups.json,2026-08-11T04:43:01.230906+00:00
PhoneSys,(unmatched),unmatched,0.0,startups.json,2026-08-11T04:43:01.230995+00:00
Zanbazaar,(unmatched),unmatched,0.0,startups.json,2026-08-11T04:43:01.231081+00:00
Answerly,(unmatched),unmatched,0.0,startups.json,2026-08-11T04:43:01.231170+00:00
Divvyshot,(unmatched),unmatched,0.0,startups.json,2026-08-11T04:43:01.231256+00:00
Jumpchat,(unmatched),unmatched,0.0,startups.json,2026-08-11T04:43:01.231345+00:00
Cryptoseal,(unmatched),unmatched,0.0,startups.json,2026-08-11T04:43:01.231431+00:00
Cloudkick,(unmatched),unmatched,0.0,startups.json,2026-08-11T04:43:01.231526+00:00
SpringWit,(unmatched),unmatched,0.0,startups.json,2026-08-11T04:43:01.231614+00:00
Snipshot,(unmatched),unmatched,0.0,startups.json,2026-08-11T04:43:01.231704+00:00
Picurio,(unmatched),unmatched,0.0,startups.json,2026-08-11T04:43:01.231779+00:00
Goodybag,(unmatched),unmatched,0.0,startups.json,2026-08-11T04:43:01.231869+00:00
Flirtey (SkyDrop),(unmatched),unmatched,0.0,products.json,2026-08-11T04:43:01.231932+00:00
Clerky,(unmatched),unmatched,0.0,products.json,2026-08-11T04:43:01.231991+00:00
Nambii,(unmatched),unmatched,0.0,products.json,2026-08-11T04:43:01.232048+00:00
Ironclad,(unmatched),unmatched,0.0,products.json,2026-08-11T04:43:01.232137+00:00
Zenbox,(unmatched),unmatched,0.0,products.json,2026-08-11T04:43:01.232194+00:00
Carlypso,(unmatched),unmatched,0.0,products.json,2026-08-11T04:43:01.232283+00:00
AppHarbor,(unmatched),unmatched,0.0,products.json,2026-08-11T04:43:01.232369+00:00
Datarank,(unmatched),unmatched,0.0,products.json,2026-08-11T04:43:01.232458+00:00
Hive,(unmatched),unmatched,0.0,products.json,2026-08-11T04:43:01.232493+00:00
Lumoid,(unmatched),unmatched,0.0,products.json,2026-08-11T04:43:01.232550+00:00
SoundFocus,(unmatched),unmatched,0.0,products.json,2026-08-11T04:43:01.232634+00:00
Clara Labs,(unmatched),unmatched,0.0,products.json,2026-08-11T04:43:01.232720+00:00
Paid,(unmatched),unmatched,0.0,products.json,2026-08-11T04:43:01.232755+00:00
Checkr,(unmatched),unmatched,0.0,products.json,2026-08-11T04:43:01.232813+00:00
Svbtle,(unmatched),unmatched,0.0,products.json,2026-08-11T04:43:01.232871+00:00
Tenjin,(unmatched),unmatched,0.0,products.json,2026-08-11T04:43:01.232929+00:00
Poll Everywhere,(unmatched),unmatched,0.0,products.json,2026-08-11T04:43:01.232990+00:00
Human Interest,(unmatched),unmatched,0.0,products.json,2026-08-11T04:43:01.233051+00:00
Realm,(unmatched),unmatched,0.0,products.json,2026-08-11T04:43:01.233096+00:00
Wufoo,(unmatched),unmatched,0.0,products.json,2026-08-11T04:43:01.233141+00:00
Poppy,(unmatched),unmatched,0.0,products.json,2026-08-11T04:43:01.233184+00:00
True Link,(unmatched),unmatched,0.0,products.json,2026-08-11T04:43:01.233356+00:00
Posterous,(unmatched),unmatched,0.0,products.json,2026-08-11T04:43:01.233454+00:00
Clickfacts,(unmatched),unmatched,0.0,products.json,2026-08-11T04:43:01.233541+00:00
Firebase,(unmatched),unmatched,0.0,products.json,2026-08-11T04:43:01.233631+00:00
9gag,(unmatched),unmatched,0.0,products.json,2026-08-11T04:43:01.233667+00:00
Webflow,(unmatched),unmatched,0.0,products.json,2026-08-11T04:43:01.233738+00:00
Open Motors,(unmatched),unmatched,0.0,products.json,2026-08-11T04:43:01.233833+00:00
Instacart,(unmatched),unmatched,0.0,products.json,2026-08-11T04:43:01.233919+00:00
TextPayMe,(unmatched),unmatched,0.0,products.json,2026-08-11T04:43:01.234005+00:00
Clear,(unmatched),unmatched,0.0,products.json,2026-08-11T04:43:01.234051+00:00
GoCardless,(unmatched),unmatched,0.0,products.json,2026-08-11T04:43:01.234137+00:00
Gemnote,(unmatched),unmatched,0.0,products.json,2026-08-11T04:43:01.234209+00:00
Tumult,(unmatched),unmatched,0.0,products.json,2026-08-11T04:43:01.234266+00:00
Craft Coffee,(unmatched),unmatched,0.0,products.json,2026-08-11T04:43:01.234353+00:00
Acunote,(unmatched),unmatched,0.0,products.json,2026-08-11T04:43:01.234425+00:00
CircuitLab,(unmatched),unmatched,0.0,products.json,2026-08-11T04:43:01.234511+00:00
Screenhero,(unmatched),unmatched,0.0,products.json,2026-08-11T04:43:01.234596+00:00
Paribus,(unmatched),unmatched,0.0,products.json,2026-08-11T04:43:01.234669+00:00
Job Alchemist,(unmatched),unmatched,0.0,products.json,2026-08-11T04:43:01.234739+00:00
New Story,(unmatched),unmatched,0.0,products.json,2026-08-11T04:43:01.234825+00:00
Simmery,(unmatched),unmatched,0.0,products.json,2026-08-11T04:43:01.234896+00:00
Tule,(unmatched),unmatched,0.0,products.json,2026-08-11T04:43:01.234930+00:00
Weilos,(unmatched),unmatched,0.0,products.json,2026-08-11T04:43:01.234987+00:00
HelloSign,(unmatched),unmatched,0.0,products.json,2026-08-11T04:43:01.235072+00:00
Instapainting,(unmatched),unmatched,0.0,products.json,2026-08-11T04:43:01.235142+00:00
Doblet,(unmatched),unmatched,0.0,products.json,2026-08-11T04:43:01.235199+00:00
Lattice,(unmatched),unmatched,0.0,products.json,2026-08-11T04:43:01.235277+00:00
PartnerStack,(unmatched),unmatched,0.0,products.json,2026-08-11T04:43:01.235364+00:00
MarketBrief,(unmatched),unmatched,0.0,products.json,2026-08-11T04:43:01.235459+00:00
Pagelever,(unmatched),unmatched,0.0,products.json,2026-08-11T04:43:01.235544+00:00
Tinker,(unmatched),unmatched,0.0,products.json,2026-08-11T04:43:01.235600+00:00
You Got Listings,(unmatched),unmatched,0.0,products.json,2026-08-11T04:43:01.235662+00:00
Kiko,(unmatched),unmatched,0.0,products.json,2026-08-11T04:43:01.235696+00:00
Scuba,(unmatched),unmatched,0.0,products.json,2026-08-11T04:43:01.235740+00:00
Roomstorm,(unmatched),unmatched,0.0,products.json,2026-08-11T04:43:01.235826+00:00
Gigster,(unmatched),unmatched,0.0,products.json,2026-08-11T04:43:01.235896+00:00
L.,(unmatched),unmatched,0.0,products.json,2026-08-11T04:43:01.235920+00:00
Payable,(unmatched),unmatched,0.0,products.json,2026-08-11T04:43:01.235991+00:00
SOUNDBOKS,(unmatched),unmatched,0.0,products.json,2026-08-11T04:43:01.236076+00:00
Owners Circle,(unmatched),unmatched,0.0,products.json,2026-08-11T04:43:01.236148+00:00
Appcubator,(unmatched),unmatched,0.0,products.json,2026-08-11T04:43:01.236231+00:00
Reddit,(unmatched),unmatched,0.0,products.json,2026-08-11T04:43:01.236287+00:00
WebCake,(unmatched),unmatched,0.0,products.json,2026-08-11T04:43:01.236358+00:00
Audiobeta,(unmatched),unmatched,0.0,products.json,2026-08-11T04:43:01.236444+00:00
Jopwell,(unmatched),unmatched,0.0,products.json,2026-08-11T04:43:01.236515+00:00
ROSS Intelligence,(unmatched),unmatched,0.0,products.json,2026-08-11T04:43:01.236567+00:00
Sendoid,(unmatched),unmatched,0.0,products.json,2026-08-11T04:43:01.236637+00:00
Fixed,(unmatched),unmatched,0.0,products.json,2026-08-11T04:43:01.236681+00:00
Tremendous,(unmatched),unmatched,0.0,products.json,2026-08-11T04:43:01.236766+00:00
Start Closing,(unmatched),unmatched,0.0,products.json,2026-08-11T04:43:01.236835+00:00
HER,(unmatched),unmatched,0.0,products.json,2026-08-11T04:43:01.236864+00:00
Swish,(unmatched),unmatched,0.0,products.json,2026-08-11T04:43:01.236907+00:00
Echo Locker,(unmatched),unmatched,0.0,products.json,2026-08-11T04:43:01.237001+00:00
42,(unmatched),unmatched,0.0,products.json,2026-08-11T04:43:01.237025+00:00
PetaSales,(unmatched),unmatched,0.0,products.json,2026-08-11T04:43:01.237110+00:00
Flagr,(unmatched),unmatched,0.0,products.json,2026-08-11T04:43:01.237155+00:00
Quad,(unmatched),unmatched,0.0,products.json,2026-08-11T04:43:01.237189+00:00
Flaviar,(unmatched),unmatched,0.0,products.json,2026-08-11T04:43:01.237268+00:00
Kivo,(unmatched),unmatched,0.0,products.json,2026-08-11T04:43:01.237305+00:00
Women.com,(unmatched),unmatched,0.0,products.json,2026-08-11T04:43:01.237396+00:00
Mixed Media Labs,(unmatched),unmatched,0.0,products.json,2026-08-11T04:43:01.237459+00:00
OhLife,(unmatched),unmatched,0.0,products.json,2026-08-11T04:43:01.237516+00:00
Deepgram,(unmatched),unmatched,0.0,products.json,2026-08-11T04:43:01.237606+00:00
Scope AR,(unmatched),unmatched,0.0,products.json,2026-08-11T04:43:01.237696+00:00
Flytenow,(unmatched),unmatched,0.0,products.json,2026-08-11T04:43:01.237785+00:00
Oolu,(unmatched),unmatched,0.0,products.json,2026-08-11T04:43:01.237819+00:00
PayTango,(unmatched),unmatched,0.0,products.json,2026-08-11T04:43:01.237908+00:00
Abacus,(unmatched),unmatched,0.0,products.json,2026-08-11T04:43:01.237966+00:00
Verbling,(unmatched),unmatched,0.0,products.json,2026-08-11T04:43:01.238055+00:00
Thunkable,(unmatched),unmatched,0.0,products.json,2026-08-11T04:43:01.238143+00:00
Frogmetrics,(unmatched),unmatched,0.0,products.json,2026-08-11T04:43:01.238239+00:00
Tenant Turner,(unmatched),unmatched,0.0,products.json,2026-08-11T04:43:01.238311+00:00
Ixiplay,(unmatched),unmatched,0.0,products.json,2026-08-11T04:43:01.238385+00:00
Twitch,(unmatched),unmatched,0.0,products.json,2026-08-11T04:43:01.238443+00:00
Weave,(unmatched),unmatched,0.0,products.json,2026-08-11T04:43:01.238488+00:00
Maderight,(unmatched),unmatched,0.0,products.json,2026-08-11T04:43:01.238576+00:00
North,(unmatched),unmatched,0.0,products.json,2026-08-11T04:43:01.238620+00:00
SnapMagic,(unmatched),unmatched,0.0,products.json,2026-08-11T04:43:01.238708+00:00
Hyperpad,(unmatched),unmatched,0.0,products.json,2026-08-11T04:43:01.238797+00:00
OpenInvest,(unmatched),unmatched,0.0,products.json,2026-08-11T04:43:01.238883+00:00
BackType,(unmatched),unmatched,0.0,products.json,2026-08-11T04:43:01.238970+00:00
PickTrace,(unmatched),unmatched,0.0,products.json,2026-08-11T04:43:01.239058+00:00
Assembly,(unmatched),unmatched,0.0,products.json,2026-08-11T04:43:01.239150+00:00
Second Measure,(unmatched),unmatched,0.0,products.json,2026-08-11T04:43:01.239209+00:00
Humble Bundle,(unmatched),unmatched,0.0,products.json,2026-08-11T04:43:01.239288+00:00
AirHelp,(unmatched),unmatched,0.0,products.json,2026-08-11T04:43:01.239362+00:00
TAXA Biotechnologies,(unmatched),unmatched,0.0,products.json,2026-08-11T04:43:01.239404+00:00
Magic Instruments,(unmatched),unmatched,0.0,products.json,2026-08-11T04:43:01.239457+00:00
Front,(unmatched),unmatched,0.0,products.json,2026-08-11T04:43:01.239502+00:00
LeadGenius,(unmatched),unmatched,0.0,products.json,2026-08-11T04:43:01.239586+00:00
Light Table/Eve,(unmatched),unmatched,0.0,products.json,2026-08-11T04:43:01.239649+00:00
MailTime,(unmatched),unmatched,0.0,products.json,2026-08-11T04:43:01.239741+00:00
Boostable,(unmatched),unmatched,0.0,products.json,2026-08-11T04:43:01.239828+00:00
Pebble,(unmatched),unmatched,0.0,products.json,2026-08-11T04:43:01.239887+00:00
Zoomer,(unmatched),unmatched,0.0,products.json,2026-08-11T04:43:01.239945+00:00
Anchor Health,(unmatched),unmatched,0.0,products.json,2026-08-11T04:43:01.240020+00:00
TomoGuides,(unmatched),unmatched,0.0,products.json,2026-08-11T04:43:01.240109+00:00
Cognito,(unmatched),unmatched,0.0,products.json,2026-08-11T04:43:01.240184+00:00
JustSpotted,(unmatched),unmatched,0.0,products.json,2026-08-11T04:43:01.240281+00:00
Embark Trucks,(unmatched),unmatched,0.0,products.json,2026-08-11T04:43:01.240356+00:00
GovPredict,(unmatched),unmatched,0.0,products.json,2026-08-11T04:43:01.240448+00:00
Embark,(unmatched),unmatched,0.0,products.json,2026-08-11T04:43:01.240510+00:00
Comprehend,(unmatched),unmatched,0.0,products.json,2026-08-11T04:43:01.240603+00:00
Pixate,(unmatched),unmatched,0.0,products.json,2026-08-11T04:43:01.240667+00:00
Vernox,(unmatched),unmatched,0.0,products.json,2026-08-11T04:43:01.240773+00:00
Padlet,(unmatched),unmatched,0.0,products.json,2026-08-11T04:43:01.240843+00:00
Ambition,(unmatched),unmatched,0.0,products.json,2026-08-11T04:43:01.241139+00:00
Blockspring,(unmatched),unmatched,0.0,products.json,2026-08-11T04:43:01.241296+00:00
Hyperink,(unmatched),unmatched,0.0,products.json,2026-08-11T04:43:01.241419+00:00
Ginkgo Bioworks,(unmatched),unmatched,0.0,products.json,2026-08-11T04:43:01.241497+00:00
Hickory,(unmatched),unmatched,0.0,products.json,2026-08-11T04:43:01.241584+00:00
VINEBOX (Usual Beverage Co.),(unmatched),unmatched,0.0,products.json,2026-08-11T04:43:01.241632+00:00
Team Apart,(unmatched),unmatched,0.0,products.json,2026-08-11T04:43:01.241733+00:00
Knowmia,(unmatched),unmatched,0.0,products.json,2026-08-11T04:43:01.241908+00:00
Interstate,(unmatched),unmatched,0.0,products.json,2026-08-11T04:43:01.242032+00:00
Fivetran,(unmatched),unmatched,0.0,products.json,2026-08-11T04:43:01.242140+00:00
Bitaccess,(unmatched),unmatched,0.0,products.json,2026-08-11T04:43:01.242258+00:00
Custora,(unmatched),unmatched,0.0,products.json,2026-08-11T04:43:01.242353+00:00
Heroic Labs,(unmatched),unmatched,0.0,products.json,2026-08-11T04:43:01.242459+00:00
Youlicit,(unmatched),unmatched,0.0,products.json,2026-08-11T04:43:01.242720+00:00
Prayas Analytics,(unmatched),unmatched,0.0,products.json,2026-08-11T04:43:01.242797+00:00
Greentoe,(unmatched),unmatched,0.0,products.json,2026-08-11T04:43:01.242895+00:00
Earbits,(unmatched),unmatched,0.0,products.json,2026-08-11T04:43:01.242975+00:00
Plato,(unmatched),unmatched,0.0,products.json,2026-08-11T04:43:01.243025+00:00
Tovala,(unmatched),unmatched,0.0,products.json,2026-08-11T04:43:01.243088+00:00
Opez,(unmatched),unmatched,0.0,products.json,2026-08-11T04:43:01.243125+00:00
StyleUp,(unmatched),unmatched,0.0,products.json,2026-08-11T04:43:01.243206+00:00
SourceDNA,(unmatched),unmatched,0.0,products.json,2026-08-11T04:43:01.243308+00:00
Convore,(unmatched),unmatched,0.0,products.json,2026-08-11T04:43:01.243391+00:00
Claimspotting,(unmatched),unmatched,0.0,products.json,2026-08-11T04:43:01.243470+00:00
Compgun,(unmatched),unmatched,0.0,products.json,2026-08-11T04:43:01.243650+00:00
AptDeco,(unmatched),unmatched,0.0,products.json,2026-08-11T04:43:01.243739+00:00
Helion Energy,(unmatched),unmatched,0.0,products.json,2026-08-11T04:43:01.243826+00:00
Two Tap,(unmatched),unmatched,0.0,products.json,2026-08-11T04:43:01.243917+00:00
Chatfuel,(unmatched),unmatched,0.0,products.json,2026-08-11T04:43:01.244025+00:00
MixRank,(unmatched),unmatched,0.0,products.json,2026-08-11T04:43:01.244113+00:00
Flotype,(unmatched),unmatched,0.0,products.json,2026-08-11T04:43:01.244197+00:00
Lawdingo,(unmatched),unmatched,0.0,products.json,2026-08-11T04:43:01.244309+00:00
Hublo,(unmatched),unmatched,0.0,products.json,2026-08-11T04:43:01.244365+00:00
Fobo,(unmatched),unmatched,0.0,products.json,2026-08-11T04:43:01.244406+00:00
ZeroMailer,(unmatched),unmatched,0.0,products.json,2026-08-11T04:43:01.244513+00:00
PersistIQ,(unmatched),unmatched,0.0,products.json,2026-08-11T04:43:01.244621+00:00
Bayes Impact,(unmatched),unmatched,0.0,products.json,2026-08-11T04:43:01.244728+00:00
The Ticket Fairy,(unmatched),unmatched,0.0,products.json,2026-08-11T04:43:01.244805+00:00
VizeraLabs,(unmatched),unmatched,0.0,products.json,2026-08-11T04:43:01.244910+00:00
Kicksend,(unmatched),unmatched,0.0,products.json,2026-08-11T04:43:01.245021+00:00
Airmada,(unmatched),unmatched,0.0,products.json,2026-08-11T04:43:01.245115+00:00
Sift,(unmatched),unmatched,0.0,products.json,2026-08-11T04:43:01.245157+00:00
Snipd,(unmatched),unmatched,0.0,products.json,2026-08-11T04:43:01.245213+00:00
Roomblocker,(unmatched),unmatched,0.0,products.json,2026-08-11T04:43:01.245337+00:00
Fivestars,(unmatched),unmatched,0.0,products.json,2026-08-11T04:43:01.245452+00:00
Canopy Labs,(unmatched),unmatched,0.0,products.json,2026-08-11T04:43:01.245596+00:00
Bitnami,(unmatched),unmatched,0.0,products.json,2026-08-11T04:43:01.245698+00:00
GetAccept,(unmatched),unmatched,0.0,products.json,2026-08-11T04:43:01.245815+00:00
Zenamins,(unmatched),unmatched,0.0,products.json,2026-08-11T04:43:01.246073+00:00
Videopixie,(unmatched),unmatched,0.0,products.json,2026-08-11T04:43:01.246236+00:00
Impraise,(unmatched),unmatched,0.0,products.json,2026-08-11T04:43:01.246372+00:00
VaycayHero,(unmatched),unmatched,0.0,products.json,2026-08-11T04:43:01.246495+00:00
Apportable,(unmatched),unmatched,0.0,products.json,2026-08-11T04:43:01.246613+00:00
Chargehound,(unmatched),unmatched,0.0,products.json,2026-08-11T04:43:01.246746+00:00
Protocol Labs,(unmatched),unmatched,0.0,products.json,2026-08-11T04:43:01.246848+00:00
One Codex,(unmatched),unmatched,0.0,products.json,2026-08-11T04:43:01.246971+00:00
Insight Data Science,(unmatched),unmatched,0.0,products.json,2026-08-11T04:43:01.247032+00:00
Branch8,(unmatched),unmatched,0.0,products.json,2026-08-11T04:43:01.247136+00:00
Stilt,(unmatched),unmatched,0.0,products.json,2026-08-11T04:43:01.247199+00:00
Close,(unmatched),unmatched,0.0,products.json,2026-08-11T04:43:01.247260+00:00
BuildZoom,(unmatched),unmatched,0.0,products.json,2026-08-11T04:43:01.247375+00:00
People & Pages,(unmatched),unmatched,0.0,products.json,2026-08-11T04:43:01.247490+00:00
Kamcord,(unmatched),unmatched,0.0,products.json,2026-08-11T04:43:01.247586+00:00
iSono Health,(unmatched),unmatched,0.0,products.json,2026-08-11T04:43:01.247716+00:00
Kash,(unmatched),unmatched,0.0,products.json,2026-08-11T04:43:01.247762+00:00
Ravti,(unmatched),unmatched,0.0,products.json,2026-08-11T04:43:01.247820+00:00
Caviar,(unmatched),unmatched,0.0,products.json,2026-08-11T04:43:01.247895+00:00
Cambly,(unmatched),unmatched,0.0,products.json,2026-08-11T04:43:01.247970+00:00
Confident LIMS,(unmatched),unmatched,0.0,products.json,2026-08-11T04:43:01.248050+00:00
CareLedger,(unmatched),unmatched,0.0,products.json,2026-08-11T04:43:01.248160+00:00
Launchpad Toys,(unmatched),unmatched,0.0,products.json,2026-08-11T04:43:01.248238+00:00
Medisas,(unmatched),unmatched,0.0,products.json,2026-08-11T04:43:01.248332+00:00
Lynks,(unmatched),unmatched,0.0,products.json,2026-08-11T04:43:01.248392+00:00
Etleap,(unmatched),unmatched,0.0,products.json,2026-08-11T04:43:01.248466+00:00
Interviewed,(unmatched),unmatched,0.0,products.json,2026-08-11T04:43:01.248590+00:00
Statwing,(unmatched),unmatched,0.0,products.json,2026-08-11T04:43:01.248706+00:00
Sliced Investing,(unmatched),unmatched,0.0,products.json,2026-08-11T04:43:01.248783+00:00
Convox,(unmatched),unmatched,0.0,products.json,2026-08-11T04:43:01.248853+00:00
Lawn Love,(unmatched),unmatched,0.0,products.json,2026-08-11T04:43:01.248963+00:00
Imgix,(unmatched),unmatched,0.0,products.json,2026-08-11T04:43:01.249018+00:00
Boosted,(unmatched),unmatched,0.0,products.json,2026-08-11T04:43:01.249107+00:00
Treehouse,(unmatched),unmatched,0.0,products.json,2026-08-11T04:43:01.249238+00:00
Balanced,(unmatched),unmatched,0.0,products.json,2026-08-11T04:43:01.249351+00:00
Rainforest,(unmatched),unmatched,0.0,products.json,2026-08-11T04:43:01.249459+00:00
Futureleague,(unmatched),unmatched,0.0,products.json,2026-08-11T04:43:01.249566+00:00
ListRunner,(unmatched),unmatched,0.0,products.json,2026-08-11T04:43:01.249680+00:00
Unwind Me,(unmatched),unmatched,0.0,products.json,2026-08-11T04:43:01.249791+00:00
Cheetah,(unmatched),unmatched,0.0,products.json,2026-08-11T04:43:01.249883+00:00
Noora Health,(unmatched),unmatched,0.0,products.json,2026-08-11T04:43:01.249989+00:00
Mason,(unmatched),unmatched,0.0,products.json,2026-08-11T04:43:01.250046+00:00
InnoVein,(unmatched),unmatched,0.0,products.json,2026-08-11T04:43:01.250156+00:00
Popcuts,(unmatched),unmatched,0.0,products.json,2026-08-11T04:43:01.250244+00:00
Awesometalk,(unmatched),unmatched,0.0,products.json,2026-08-11T04:43:01.250355+00:00
Tutorspree,(unmatched),unmatched,0.0,products.json,2026-08-11T04:43:01.250454+00:00
CareMessage,(unmatched),unmatched,0.0,products.json,2026-08-11T04:43:01.250564+00:00
Imgfave,(unmatched),unmatched,0.0,products.json,2026-08-11T04:43:01.250650+00:00
CodeCombat,(unmatched),unmatched,0.0,products.json,2026-08-11T04:43:01.250750+00:00
Vapor,(unmatched),unmatched,0.0,products.json,2026-08-11T04:43:01.250803+00:00
InfluxData,(unmatched),unmatched,0.0,products.json,2026-08-11T04:43:01.250904+00:00
Shotput,(unmatched),unmatched,0.0,products.json,2026-08-11T04:43:01.250989+00:00
Voxli,(unmatched),unmatched,0.0,products.json,2026-08-11T04:43:01.251041+00:00
Loopt,(unmatched),unmatched,0.0,products.json,2026-08-11T04:43:01.251092+00:00
FitFu,(unmatched),unmatched,0.0,products.json,2026-08-11T04:43:01.251143+00:00
Think Gaming,(unmatched),unmatched,0.0,products.json,2026-08-11T04:43:01.251244+00:00
Halolife,(unmatched),unmatched,0.0,products.json,2026-08-11T04:43:01.251346+00:00
Dubjoy,(unmatched),unmatched,0.0,products.json,2026-08-11T04:43:01.251412+00:00
Outschool,(unmatched),unmatched,0.0,products.json,2026-08-11T04:43:01.251507+00:00
Strikingly,(unmatched),unmatched,0.0,products.json,2026-08-11T04:43:01.251603+00:00
GlassMap,(unmatched),unmatched,0.0,products.json,2026-08-11T04:43:01.251712+00:00
Eden,(unmatched),unmatched,0.0,products.json,2026-08-11T04:43:01.251752+00:00
VOIQ,(unmatched),unmatched,0.0,products.json,2026-08-11T04:43:01.251790+00:00
Vidyard,(unmatched),unmatched,0.0,products.json,2026-08-11T04:43:01.251872+00:00
CodeNow,(unmatched),unmatched,0.0,products.json,2026-08-11T04:43:01.251954+00:00
Cloudant,(unmatched),unmatched,0.0,products.json,2026-08-11T04:43:01.252056+00:00
Lanyrd,(unmatched),unmatched,0.0,products.json,2026-08-11T04:43:01.252121+00:00
Memamp,(unmatched),unmatched,0.0,products.json,2026-08-11T04:43:01.252185+00:00
RescueTime,(unmatched),unmatched,0.0,products.json,2026-08-11T04:43:01.252284+00:00
GrepData,(unmatched),unmatched,0.0,products.json,2026-08-11T04:43:01.252386+00:00
Threadable,(unmatched),unmatched,0.0,products.json,2026-08-11T04:43:01.252482+00:00
Petcube,(unmatched),unmatched,0.0,products.json,2026-08-11T04:43:01.252560+00:00
3dot,(unmatched),unmatched,0.0,products.json,2026-08-11T04:43:01.252599+00:00
Foxpass,(unmatched),unmatched,0.0,products.json,2026-08-11T04:43:01.252676+00:00
MetricWire,(unmatched),unmatched,0.0,products.json,2026-08-11T04:43:01.252769+00:00
TrustEgg,(unmatched),unmatched,0.0,products.json,2026-08-11T04:43:01.252865+00:00
Fullstack Academy,(unmatched),unmatched,0.0,products.json,2026-08-11T04:43:01.252924+00:00
Hotspots,(unmatched),unmatched,0.0,products.json,2026-08-11T04:43:01.253022+00:00
Lollipuff,(unmatched),unmatched,0.0,products.json,2026-08-11T04:43:01.253114+00:00
Monthli,(unmatched),unmatched,0.0,products.json,2026-08-11T04:43:01.253193+00:00
Emburse,(unmatched),unmatched,0.0,products.json,2026-08-11T04:43:01.253271+00:00
Oklo,(unmatched),unmatched,0.0,products.json,2026-08-11T04:43:01.253308+00:00
Naytev,(unmatched),unmatched,0.0,products.json,2026-08-11T04:43:01.253369+00:00
Mailgun,(unmatched),unmatched,0.0,products.json,2026-08-11T04:43:01.253448+00:00
Anyvite,(unmatched),unmatched,0.0,products.json,2026-08-11T04:43:01.253523+00:00
Cruise,Cruise,exact_normalized,1.0,products.json,2026-08-11T04:43:01.253530+00:00
Mino Games,(unmatched),unmatched,0.0,products.json,2026-08-11T04:43:01.253620+00:00
Mio,(unmatched),unmatched,0.0,products.json,2026-08-11T04:43:01.253652+00:00
Leaky,(unmatched),unmatched,0.0,products.json,2026-08-11T04:43:01.253706+00:00
A Thinking Ape,(unmatched),unmatched,0.0,products.json,2026-08-11T04:43:01.253770+00:00
Siasto,(unmatched),unmatched,0.0,products.json,2026-08-11T04:43:01.253829+00:00
Replenish,(unmatched),unmatched,0.0,products.json,2026-08-11T04:43:01.253917+00:00
Meldium,(unmatched),unmatched,0.0,products.json,2026-08-11T04:43:01.253991+00:00
Ridejoy,(unmatched),unmatched,0.0,products.json,2026-08-11T04:43:01.254065+00:00
Dating Ring,(unmatched),unmatched,0.0,products.json,2026-08-11T04:43:01.254164+00:00
Streem,(unmatched),unmatched,0.0,products.json,2026-08-11T04:43:01.254223+00:00
Ninite,(unmatched),unmatched,0.0,products.json,2026-08-11T04:43:01.254281+00:00
RADAR,(unmatched),unmatched,0.0,products.json,2026-08-11T04:43:01.254327+00:00
Whirl,(unmatched),unmatched,0.0,products.json,2026-08-11T04:43:01.254373+00:00
Final,(unmatched),unmatched,0.0,products.json,2026-08-11T04:43:01.254418+00:00
Algoriz,(unmatched),unmatched,0.0,products.json,2026-08-11T04:43:01.254490+00:00
SunFarmer,(unmatched),unmatched,0.0,products.json,2026-08-11T04:43:01.254577+00:00
TapEngage,(unmatched),unmatched,0.0,products.json,2026-08-11T04:43:01.254663+00:00
Neptune.io,(unmatched),unmatched,0.0,products.json,2026-08-11T04:43:01.254751+00:00
Wheelys Café,(unmatched),unmatched,0.0,products.json,2026-08-11T04:43:01.254839+00:00
Mth Sense,(unmatched),unmatched,0.0,products.json,2026-08-11T04:43:01.254926+00:00
GOAT Group,(unmatched),unmatched,0.0,products.json,2026-08-11T04:43:01.255011+00:00
Stitch Health,(unmatched),unmatched,0.0,products.json,2026-08-11T04:43:01.255081+00:00
Alchemy,(unmatched),unmatched,0.0,products.json,2026-08-11T04:43:01.255153+00:00
Snapjoy,(unmatched),unmatched,0.0,products.json,2026-08-11T04:43:01.255225+00:00
Reach,(unmatched),unmatched,0.0,products.json,2026-08-11T04:43:01.255270+00:00
Human Dx,(unmatched),unmatched,0.0,products.json,2026-08-11T04:43:01.255361+00:00
CO2Stats,(unmatched),unmatched,0.0,products.json,2026-08-11T04:43:01.255450+00:00
Compose,(unmatched),unmatched,0.0,products.json,2026-08-11T04:43:01.255522+00:00
Tesorio,(unmatched),unmatched,0.0,products.json,2026-08-11T04:43:01.255593+00:00
Infogami,(unmatched),unmatched,0.0,products.json,2026-08-11T04:43:01.255688+00:00
LeanMarket,(unmatched),unmatched,0.0,products.json,2026-08-11T04:43:01.255775+00:00
Nightingale,(unmatched),unmatched,0.0,products.json,2026-08-11T04:43:01.255868+00:00
FathomDB,(unmatched),unmatched,0.0,products.json,2026-08-11T04:43:01.255957+00:00
BeatDeck,(unmatched),unmatched,0.0,products.json,2026-08-11T04:43:01.256047+00:00
Loop Genomics,(unmatched),unmatched,0.0,products.json,2026-08-11T04:43:01.256117+00:00
MightyQuiz,(unmatched),unmatched,0.0,products.json,2026-08-11T04:43:01.256201+00:00
Experiment,(unmatched),unmatched,0.0,products.json,2026-08-11T04:43:01.256289+00:00
Focal Systems,(unmatched),unmatched,0.0,products.json,2026-08-11T04:43:01.256359+00:00
Thrive Agritech,(unmatched),unmatched,0.0,products.json,2026-08-11T04:43:01.256420+00:00
Picwing,(unmatched),unmatched,0.0,products.json,2026-08-11T04:43:01.256493+00:00
Akido Labs,(unmatched),unmatched,0.0,products.json,2026-08-11T04:43:01.256580+00:00
Gecko Robotics,(unmatched),unmatched,0.0,products.json,2026-08-11T04:43:01.256640+00:00
Beep,(unmatched),unmatched,0.0,products.json,2026-08-11T04:43:01.256674+00:00
Omnisio,(unmatched),unmatched,0.0,products.json,2026-08-11T04:43:01.256746+00:00
Notable Labs,(unmatched),unmatched,0.0,products.json,2026-08-11T04:43:01.256832+00:00
Heap,(unmatched),unmatched,0.0,products.json,2026-08-11T04:43:01.256866+00:00
HealthSherpa,(unmatched),unmatched,0.0,products.json,2026-08-11T04:43:01.256950+00:00
OmniVirt,(unmatched),unmatched,0.0,products.json,2026-08-11T04:43:01.257038+00:00
Mezmo,(unmatched),unmatched,0.0,products.json,2026-08-11T04:43:01.257082+00:00
PicnicAI,(unmatched),unmatched,0.0,products.json,2026-08-11T04:43:01.257338+00:00
Verge Genomics,(unmatched),unmatched,0.0,products.json,2026-08-11T04:43:01.257634+00:00
Heroku,(unmatched),unmatched,0.0,products.json,2026-08-11T04:43:01.257725+00:00
Swapbox,(unmatched),unmatched,0.0,products.json,2026-08-11T04:43:01.257805+00:00
UpLabs,(unmatched),unmatched,0.0,products.json,2026-08-11T04:43:01.257864+00:00
Storyworth,(unmatched),unmatched,0.0,products.json,2026-08-11T04:43:01.257954+00:00
Parakey,(unmatched),unmatched,0.0,products.json,2026-08-11T04:43:01.258028+00:00
Ticket Stumbler,(unmatched),unmatched,0.0,products.json,2026-08-11T04:43:01.258095+00:00
Axoni,(unmatched),unmatched,0.0,products.json,2026-08-11T04:43:01.258141+00:00
Perfect Audience,(unmatched),unmatched,0.0,products.json,2026-08-11T04:43:01.258203+00:00
Blitz Esports,(unmatched),unmatched,0.0,products.json,2026-08-11T04:43:01.258273+00:00
Smyte,(unmatched),unmatched,0.0,products.json,2026-08-11T04:43:01.258319+00:00
RoverRide,(unmatched),unmatched,0.0,products.json,2026-08-11T04:43:01.258406+00:00
Mux,(unmatched),unmatched,0.0,products.json,2026-08-11T04:43:01.258436+00:00
TetraScience,(unmatched),unmatched,0.0,products.json,2026-08-11T04:43:01.258522+00:00
MagicBus,(unmatched),unmatched,0.0,products.json,2026-08-11T04:43:01.258613+00:00
280 North,(unmatched),unmatched,0.0,products.json,2026-08-11T04:43:01.258703+00:00
WorldCover,(unmatched),unmatched,0.0,products.json,2026-08-11T04:43:01.258790+00:00
Precognate,(unmatched),unmatched,0.0,products.json,2026-08-11T04:43:01.258876+00:00
Parse,(unmatched),unmatched,0.0,products.json,2026-08-11T04:43:01.258941+00:00
TalkBin,(unmatched),unmatched,0.0,products.json,2026-08-11T04:43:01.259221+00:00
Trainzen,(unmatched),unmatched,0.0,products.json,2026-08-11T04:43:01.259335+00:00
Mattermost,(unmatched),unmatched,0.0,products.json,2026-08-11T04:43:01.259431+00:00
Magic,(unmatched),unmatched,0.0,products.json,2026-08-11T04:43:01.259481+00:00
Castle,(unmatched),unmatched,0.0,products.json,2026-08-11T04:43:01.259543+00:00
Able Health,(unmatched),unmatched,0.0,products.json,2026-08-11T04:43:01.259646+00:00
Machine Zone,(unmatched),unmatched,0.0,products.json,2026-08-11T04:43:01.259740+00:00
Venuetastic,(unmatched),unmatched,0.0,products.json,2026-08-11T04:43:01.259879+00:00
Kimono Labs,(unmatched),unmatched,0.0,products.json,2026-08-11T04:43:01.259984+00:00
SimplyInsured,(unmatched),unmatched,0.0,products.json,2026-08-11T04:43:01.260059+00:00
Kuna Systems,(unmatched),unmatched,0.0,products.json,2026-08-11T04:43:01.260151+00:00
Wundrbar,(unmatched),unmatched,0.0,products.json,2026-08-11T04:43:01.260246+00:00
Cymmetria,(unmatched),unmatched,0.0,products.json,2026-08-11T04:43:01.260337+00:00
Bizzy,(unmatched),unmatched,0.0,products.json,2026-08-11T04:43:01.260384+00:00
Rentobo,(unmatched),unmatched,0.0,products.json,2026-08-11T04:43:01.260459+00:00
Socialbrowse,(unmatched),unmatched,0.0,products.json,2026-08-11T04:43:01.260549+00:00
Everyme,(unmatched),unmatched,0.0,products.json,2026-08-11T04:43:01.260626+00:00
Apollo Health,(unmatched),unmatched,0.0,products.json,2026-08-11T04:43:01.260711+00:00
Zentail,(unmatched),unmatched,0.0,products.json,2026-08-11T04:43:01.260788+00:00
CrowdMed,(unmatched),unmatched,0.0,products.json,2026-08-11T04:43:01.260880+00:00
DevCycle,(unmatched),unmatched,0.0,products.json,2026-08-11T04:43:01.260971+00:00
Pomello,(unmatched),unmatched,0.0,products.json,2026-08-11T04:43:01.261046+00:00
Bluesmart,(unmatched),unmatched,0.0,products.json,2026-08-11T04:43:01.261136+00:00
SimplyListed,(unmatched),unmatched,0.0,products.json,2026-08-11T04:43:01.261224+00:00
Truebill,(unmatched),unmatched,0.0,products.json,2026-08-11T04:43:01.261315+00:00
Flexport,(unmatched),unmatched,0.0,products.json,2026-08-11T04:43:01.261407+00:00
Draft,(unmatched),unmatched,0.0,products.json,2026-08-11T04:43:01.261455+00:00
GoLorry,(unmatched),unmatched,0.0,products.json,2026-08-11T04:43:01.261531+00:00
20n,(unmatched),unmatched,0.0,products.json,2026-08-11T04:43:01.261561+00:00
Automatic,(unmatched),unmatched,0.0,products.json,2026-08-11T04:43:01.261652+00:00
Rigetti Computing,(unmatched),unmatched,0.0,products.json,2026-08-11T04:43:01.261710+00:00
Afrostream,(unmatched),unmatched,0.0,products.json,2026-08-11T04:43:01.261799+00:00
MadeSolid,(unmatched),unmatched,0.0,products.json,2026-08-11T04:43:01.261889+00:00
Plate IQ,(unmatched),unmatched,0.0,products.json,2026-08-11T04:43:01.261984+00:00
Zeus,(unmatched),unmatched,0.0,products.json,2026-08-11T04:43:01.262035+00:00
MTailor,(unmatched),unmatched,0.0,products.json,2026-08-11T04:43:01.262110+00:00
Qventus,(unmatched),unmatched,0.0,products.json,2026-08-11T04:43:01.262185+00:00
Soylent,(unmatched),unmatched,0.0,products.json,2026-08-11T04:43:01.262312+00:00
Call9,(unmatched),unmatched,0.0,products.json,2026-08-11T04:43:01.262359+00:00
AlphaFlow,(unmatched),unmatched,0.0,products.json,2026-08-11T04:43:01.262452+00:00
OrderAhead,(unmatched),unmatched,0.0,products.json,2026-08-11T04:43:01.262544+00:00
Tech in Asia,(unmatched),unmatched,0.0,products.json,2026-08-11T04:43:01.262640+00:00
FlightCar,(unmatched),unmatched,0.0,products.json,2026-08-11T04:43:01.262743+00:00
Bright,(unmatched),unmatched,0.0,products.json,2026-08-11T04:43:01.262807+00:00
Bellabeat,(unmatched),unmatched,0.0,products.json,2026-08-11T04:43:01.262902+00:00
Deako,(unmatched),unmatched,0.0,products.json,2026-08-11T04:43:01.262951+00:00
DoseDr,(unmatched),unmatched,0.0,products.json,2026-08-11T04:43:01.263012+00:00
SFOX,(unmatched),unmatched,0.0,products.json,2026-08-11T04:43:01.263048+00:00
Bluecrew,(unmatched),unmatched,0.0,products.json,2026-08-11T04:43:01.263146+00:00
Inporia,(unmatched),unmatched,0.0,products.json,2026-08-11T04:43:01.263229+00:00
Coin,(unmatched),unmatched,0.0,products.json,2026-08-11T04:43:01.263267+00:00
DrChrono,(unmatched),unmatched,0.0,products.json,2026-08-11T04:43:01.263369+00:00
Presto,(unmatched),unmatched,0.0,products.json,2026-08-11T04:43:01.263436+00:00
UserGems,(unmatched),unmatched,0.0,products.json,2026-08-11T04:43:01.263539+00:00
Bodyport,(unmatched),unmatched,0.0,products.json,2026-08-11T04:43:01.263643+00:00
Hipmunk,(unmatched),unmatched,0.0,products.json,2026-08-11T04:43:01.263728+00:00
Appcanary,(unmatched),unmatched,0.0,products.json,2026-08-11T04:43:01.263832+00:00
Opentrons,(unmatched),unmatched,0.0,products.json,2026-08-11T04:43:01.263934+00:00
Roost,(unmatched),unmatched,0.0,products.json,2026-08-11T04:43:01.263987+00:00
Netomi,(unmatched),unmatched,0.0,products.json,2026-08-11T04:43:01.264055+00:00
Copia,(unmatched),unmatched,0.0,products.json,2026-08-11T04:43:01.264109+00:00
Teevox,(unmatched),unmatched,0.0,products.json,2026-08-11T04:43:01.264180+00:00
Deluux,(unmatched),unmatched,0.0,products.json,2026-08-11T04:43:01.264250+00:00
Hungry Labs,(unmatched),unmatched,0.0,products.json,2026-08-11T04:43:01.264369+00:00
Upverter,(unmatched),unmatched,0.0,products.json,2026-08-11T04:43:01.264477+00:00
Drive Pulse,(unmatched),unmatched,0.0,products.json,2026-08-11T04:43:01.264596+00:00
Permutive,(unmatched),unmatched,0.0,products.json,2026-08-11T04:43:01.264705+00:00
Kalibrr,(unmatched),unmatched,0.0,products.json,2026-08-11T04:43:01.264810+00:00
Gigwell,(unmatched),unmatched,0.0,products.json,2026-08-11T04:43:01.264905+00:00
Apto Payments,(unmatched),unmatched,0.0,products.json,2026-08-11T04:43:01.265000+00:00
Rapportive,(unmatched),unmatched,0.0,products.json,2026-08-11T04:43:01.265112+00:00
SingleStore,(unmatched),unmatched,0.0,products.json,2026-08-11T04:43:01.265233+00:00
Zenefits,(unmatched),unmatched,0.0,products.json,2026-08-11T04:43:01.265348+00:00
Chaldal,(unmatched),unmatched,0.0,products.json,2026-08-11T04:43:01.265447+00:00
ShipBob,(unmatched),unmatched,0.0,products.json,2026-08-11T04:43:01.265547+00:00
Move Loot,(unmatched),unmatched,0.0,products.json,2026-08-11T04:43:01.265667+00:00
Cribspot,(unmatched),unmatched,0.0,products.json,2026-08-11T04:43:01.265790+00:00
Emailio,(unmatched),unmatched,0.0,products.json,2026-08-11T04:43:01.265893+00:00
SmartAsset,(unmatched),unmatched,0.0,products.json,2026-08-11T04:43:01.266010+00:00
Daily,(unmatched),unmatched,0.0,products.json,2026-08-11T04:43:01.266073+00:00
HistoWiz,(unmatched),unmatched,0.0,products.json,2026-08-11T04:43:01.266193+00:00
In Your Corner,(unmatched),unmatched,0.0,products.json,2026-08-11T04:43:01.266279+00:00
PlayReader,(unmatched),unmatched,0.0,products.json,2026-08-11T04:43:01.266396+00:00
Recurse Center,(unmatched),unmatched,0.0,products.json,2026-08-11T04:43:01.266479+00:00
Chartio,(unmatched),unmatched,0.0,products.json,2026-08-11T04:43:01.266642+00:00
Zerocater,(unmatched),unmatched,0.0,products.json,2026-08-11T04:43:01.266779+00:00
Kirkland North,(unmatched),unmatched,0.0,products.json,2026-08-11T04:43:01.266866+00:00
Shout,(unmatched),unmatched,0.0,products.json,2026-08-11T04:43:01.266930+00:00
FundersClub,(unmatched),unmatched,0.0,products.json,2026-08-11T04:43:01.267062+00:00
Next Caller,(unmatched),unmatched,0.0,products.json,2026-08-11T04:43:01.267192+00:00
Democracy Earth,(unmatched),unmatched,0.0,products.json,2026-08-11T04:43:01.267274+00:00
Inevitable Tech,(unmatched),unmatched,0.0,products.json,2026-08-11T04:43:01.267356+00:00
Product Hunt,(unmatched),unmatched,0.0,products.json,2026-08-11T04:43:01.267474+00:00
MedXT,(unmatched),unmatched,0.0,products.json,2026-08-11T04:43:01.267535+00:00
TellFi,(unmatched),unmatched,0.0,products.json,2026-08-11T04:43:01.267613+00:00
Simperium,(unmatched),unmatched,0.0,products.json,2026-08-11T04:43:01.267731+00:00
HoverChat,(unmatched),unmatched,0.0,products.json,2026-08-11T04:43:01.267850+00:00
Fetch,(unmatched),unmatched,0.0,products.json,2026-08-11T04:43:01.267910+00:00
Insoshi,(unmatched),unmatched,0.0,products.json,2026-08-11T04:43:01.268008+00:00
Sphere Secure Workspace,(unmatched),unmatched,0.0,products.json,2026-08-11T04:43:01.268065+00:00
The Human Utility,(unmatched),unmatched,0.0,products.json,2026-08-11T04:43:01.268138+00:00
Assembled,(unmatched),unmatched,0.0,products.json,2026-08-11T04:43:01.268254+00:00
Testmunk,(unmatched),unmatched,0.0,products.json,2026-08-11T04:43:01.268375+00:00
Logiblock,(unmatched),unmatched,0.0,products.json,2026-08-11T04:43:01.268486+00:00
Willing,(unmatched),unmatched,0.0,products.json,2026-08-11T04:43:01.268580+00:00
Joberator,(unmatched),unmatched,0.0,products.json,2026-08-11T04:43:01.268690+00:00
MBX,(unmatched),unmatched,0.0,products.json,2026-08-11T04:43:01.268738+00:00
YumDots,(unmatched),unmatched,0.0,products.json,2026-08-11T04:43:01.268835+00:00
LendEDU,(unmatched),unmatched,0.0,products.json,2026-08-11T04:43:01.268930+00:00
Slinkset,(unmatched),unmatched,0.0,products.json,2026-08-11T04:43:01.269045+00:00
Auro Robotics,(unmatched),unmatched,0.0,products.json,2026-08-11T04:43:01.269139+00:00
One Degree,(unmatched),unmatched,0.0,products.json,2026-08-11T04:43:01.269250+00:00
Luminist Labs,(unmatched),unmatched,0.0,products.json,2026-08-11T04:43:01.269343+00:00
Superside,(unmatched),unmatched,0.0,products.json,2026-08-11T04:43:01.269456+00:00
BitSample,(unmatched),unmatched,0.0,products.json,2026-08-11T04:43:01.269569+00:00
Drip Capital,(unmatched),unmatched,0.0,products.json,2026-08-11T04:43:01.269683+00:00
SpotAngels,(unmatched),unmatched,0.0,products.json,2026-08-11T04:43:01.269831+00:00
Zeitview,(unmatched),unmatched,0.0,products.json,2026-08-11T04:43:01.269950+00:00
Talkable,(unmatched),unmatched,0.0,products.json,2026-08-11T04:43:01.270064+00:00
Bankjoy,(unmatched),unmatched,0.0,products.json,2026-08-11T04:43:01.270160+00:00
Trigger,(unmatched),unmatched,0.0,products.json,2026-08-11T04:43:01.270255+00:00
Circle Medical,(unmatched),unmatched,0.0,products.json,2026-08-11T04:43:01.270335+00:00
Meter Feeder,(unmatched),unmatched,0.0,products.json,2026-08-11T04:43:01.270447+00:00
Arc,(unmatched),unmatched,0.0,products.json,2026-08-11T04:43:01.270486+00:00
Seva Coffee,(unmatched),unmatched,0.0,products.json,2026-08-11T04:43:01.270609+00:00
Habit Labs,(unmatched),unmatched,0.0,products.json,2026-08-11T04:43:01.270746+00:00
Songkick,(unmatched),unmatched,0.0,products.json,2026-08-11T04:43:01.270864+00:00
Yumbin,(unmatched),unmatched,0.0,products.json,2026-08-11T04:43:01.270940+00:00
BrainTripping,(unmatched),unmatched,0.0,products.json,2026-08-11T04:43:01.271030+00:00
Wefunder,(unmatched),unmatched,0.0,products.json,2026-08-11T04:43:01.271146+00:00
Grid,(unmatched),unmatched,0.0,products.json,2026-08-11T04:43:01.271192+00:00
NexTravel,(unmatched),unmatched,0.0,products.json,2026-08-11T04:43:01.271304+00:00
Snaptalent,(unmatched),unmatched,0.0,products.json,2026-08-11T04:43:01.271412+00:00
Beetailer,(unmatched),unmatched,0.0,products.json,2026-08-11T04:43:01.271520+00:00
Movity,(unmatched),unmatched,0.0,products.json,2026-08-11T04:43:01.271592+00:00
Landed,(unmatched),unmatched,0.0,products.json,2026-08-11T04:43:01.271666+00:00
Theorem,(unmatched),unmatched,0.0,products.json,2026-08-11T04:43:01.271759+00:00
Swiftype,(unmatched),unmatched,0.0,products.json,2026-08-11T04:43:01.271873+00:00
PadMapper,(unmatched),unmatched,0.0,products.json,2026-08-11T04:43:01.271987+00:00
Mimir,(unmatched),unmatched,0.0,products.json,2026-08-11T04:43:01.272045+00:00
Markupwand,(unmatched),unmatched,0.0,products.json,2026-08-11T04:43:01.272157+00:00
Dropbox,(unmatched),unmatched,0.0,products.json,2026-08-11T04:43:01.272251+00:00
GiveMeTap,(unmatched),unmatched,0.0,products.json,2026-08-11T04:43:01.272362+00:00
Semantics3,(unmatched),unmatched,0.0,products.json,2026-08-11T04:43:01.272475+00:00
Liftigniter,(unmatched),unmatched,0.0,products.json,2026-08-11T04:43:01.272596+00:00
zPREDICTA,(unmatched),unmatched,0.0,products.json,2026-08-11T04:43:01.272708+00:00
DemandSphere,(unmatched),unmatched,0.0,products.json,2026-08-11T04:43:01.273000+00:00
Level Frames,(unmatched),unmatched,0.0,products.json,2026-08-11T04:43:01.273130+00:00
SparkGift,(unmatched),unmatched,0.0,products.json,2026-08-11T04:43:01.273266+00:00
Etacts,(unmatched),unmatched,0.0,products.json,2026-08-11T04:43:01.273346+00:00
Data Marketplace,(unmatched),unmatched,0.0,products.json,2026-08-11T04:43:01.273427+00:00
GroupAhead,(unmatched),unmatched,0.0,products.json,2026-08-11T04:43:01.273540+00:00
PiinPoint,(unmatched),unmatched,0.0,products.json,2026-08-11T04:43:01.273654+00:00
Blue Frog Gaming,(unmatched),unmatched,0.0,products.json,2026-08-11T04:43:01.273735+00:00
Prophecy Sciences,(unmatched),unmatched,0.0,products.json,2026-08-11T04:43:01.273804+00:00
Meadow,(unmatched),unmatched,0.0,products.json,2026-08-11T04:43:01.273881+00:00
LVL6,(unmatched),unmatched,0.0,products.json,2026-08-11T04:43:01.273926+00:00
Chirply,(unmatched),unmatched,0.0,products.json,2026-08-11T04:43:01.274135+00:00
StackLead,(unmatched),unmatched,0.0,products.json,2026-08-11T04:43:01.274586+00:00
Klarismo,(unmatched),unmatched,0.0,products.json,2026-08-11T04:43:01.274747+00:00
AnyList,(unmatched),unmatched,0.0,products.json,2026-08-11T04:43:01.274945+00:00
Disqus,(unmatched),unmatched,0.0,products.json,2026-08-11T04:43:01.275049+00:00
Eventjoy,(unmatched),unmatched,0.0,products.json,2026-08-11T04:43:01.275172+00:00
ConstructVR,(unmatched),unmatched,0.0,products.json,2026-08-11T04:43:01.275301+00:00
GrubMarket,(unmatched),unmatched,0.0,products.json,2026-08-11T04:43:01.275418+00:00
PipelineDB,(unmatched),unmatched,0.0,products.json,2026-08-11T04:43:01.275532+00:00
FarmLogs,(unmatched),unmatched,0.0,products.json,2026-08-11T04:43:01.275649+00:00
Wevorce,(unmatched),unmatched,0.0,products.json,2026-08-11T04:43:01.275764+00:00
Brushes,(unmatched),unmatched,0.0,products.json,2026-08-11T04:43:01.275940+00:00
RedCarpetUp,(unmatched),unmatched,0.0,products.json,2026-08-11T04:43:01.276121+00:00
Easel,(unmatched),unmatched,0.0,products.json,2026-08-11T04:43:01.276189+00:00
Numerion Labs,(unmatched),unmatched,0.0,products.json,2026-08-11T04:43:01.276423+00:00
Povio,(unmatched),unmatched,0.0,products.json,2026-08-11T04:43:01.276500+00:00
Clever,(unmatched),unmatched,0.0,products.json,2026-08-11T04:43:01.276581+00:00
Tipjoy,(unmatched),unmatched,0.0,products.json,2026-08-11T04:43:01.276656+00:00
Airware,(unmatched),unmatched,0.0,products.json,2026-08-11T04:43:01.276752+00:00
Markhor,(unmatched),unmatched,0.0,products.json,2026-08-11T04:43:01.276843+00:00
99dresses,(unmatched),unmatched,0.0,products.json,2026-08-11T04:43:01.276951+00:00
Shape (ShapeScale),(unmatched),unmatched,0.0,products.json,2026-08-11T04:43:01.277030+00:00
Gantto,(unmatched),unmatched,0.0,products.json,2026-08-11T04:43:01.277103+00:00
Framebase,(unmatched),unmatched,0.0,products.json,2026-08-11T04:43:01.277212+00:00
Scentbird,(unmatched),unmatched,0.0,products.json,2026-08-11T04:43:01.277320+00:00
Infoharmoni,(unmatched),unmatched,0.0,products.json,2026-08-11T04:43:01.277436+00:00
CyberFend,(unmatched),unmatched,0.0,products.json,2026-08-11T04:43:01.277542+00:00
Pushbullet,(unmatched),unmatched,0.0,products.json,2026-08-11T04:43:01.277646+00:00
Hiptype,(unmatched),unmatched,0.0,products.json,2026-08-11T04:43:01.277750+00:00
Outbound,(unmatched),unmatched,0.0,products.json,2026-08-11T04:43:01.277855+00:00
Zeplin,(unmatched),unmatched,0.0,products.json,2026-08-11T04:43:01.277923+00:00
mRelief,(unmatched),unmatched,0.0,products.json,2026-08-11T04:43:01.278008+00:00
MineralSoft,(unmatched),unmatched,0.0,products.json,2026-08-11T04:43:01.278121+00:00
Homejoy,(unmatched),unmatched,0.0,products.json,2026-08-11T04:43:01.278206+00:00
HigherMe,(unmatched),unmatched,0.0,products.json,2026-08-11T04:43:01.278311+00:00
Goldbelly,(unmatched),unmatched,0.0,products.json,2026-08-11T04:43:01.278412+00:00
FileStack,(unmatched),unmatched,0.0,products.json,2026-08-11T04:43:01.278515+00:00
Notifo,(unmatched),unmatched,0.0,products.json,2026-08-11T04:43:01.278582+00:00
Locent,(unmatched),unmatched,0.0,products.json,2026-08-11T04:43:01.278649+00:00
Airshared,(unmatched),unmatched,0.0,products.json,2026-08-11T04:43:01.278751+00:00
URX,(unmatched),unmatched,0.0,products.json,2026-08-11T04:43:01.278786+00:00
Authy,(unmatched),unmatched,0.0,products.json,2026-08-11T04:43:01.278839+00:00
Teespring,(unmatched),unmatched,0.0,products.json,2026-08-11T04:43:01.278940+00:00
Dabble,(unmatched),unmatched,0.0,products.json,2026-08-11T04:43:01.279008+00:00
Cheddar,(unmatched),unmatched,0.0,products.json,2026-08-11T04:43:01.279093+00:00
Microhealth,(unmatched),unmatched,0.0,products.json,2026-08-11T04:43:01.279205+00:00
jEugene,(unmatched),unmatched,0.0,products.json,2026-08-11T04:43:01.279290+00:00
Eligible,(unmatched),unmatched,0.0,products.json,2026-08-11T04:43:01.279391+00:00
Userfox,(unmatched),unmatched,0.0,products.json,2026-08-11T04:43:01.279473+00:00
Leada,(unmatched),unmatched,0.0,products.json,2026-08-11T04:43:01.279523+00:00
Listia,(unmatched),unmatched,0.0,products.json,2026-08-11T04:43:01.279588+00:00
Nextop,(unmatched),unmatched,0.0,products.json,2026-08-11T04:43:01.279651+00:00
Rocketrip,(unmatched),unmatched,0.0,products.json,2026-08-11T04:43:01.279758+00:00
Pigeonly,(unmatched),unmatched,0.0,products.json,2026-08-11T04:43:01.279860+00:00
Collections,(unmatched),unmatched,0.0,products.json,2026-08-11T04:43:01.279966+00:00
CircuitHub,(unmatched),unmatched,0.0,products.json,2026-08-11T04:43:01.280063+00:00
Reduced Energy Microsystems,(unmatched),unmatched,0.0,products.json,2026-08-11T04:43:01.280108+00:00
Bistrobot,(unmatched),unmatched,0.0,products.json,2026-08-11T04:43:01.280205+00:00
Ohm,(unmatched),unmatched,0.0,products.json,2026-08-11T04:43:01.280239+00:00
Stripe,(unmatched),unmatched,0.0,products.json,2026-08-11T04:43:01.280301+00:00
Mixwit,(unmatched),unmatched,0.0,products.json,2026-08-11T04:43:01.280363+00:00
Function of Beauty,(unmatched),unmatched,0.0,products.json,2026-08-11T04:43:01.280416+00:00
GazeHawk,(unmatched),unmatched,0.0,products.json,2026-08-11T04:43:01.280514+00:00
GiveCampus,(unmatched),unmatched,0.0,products.json,2026-08-11T04:43:01.280608+00:00
WorkLife,(unmatched),unmatched,0.0,products.json,2026-08-11T04:43:01.280704+00:00
Shoobs,(unmatched),unmatched,0.0,products.json,2026-08-11T04:43:01.280765+00:00
Labdoor,(unmatched),unmatched,0.0,products.json,2026-08-11T04:43:01.280842+00:00
iCracked,(unmatched),unmatched,0.0,products.json,2026-08-11T04:43:01.280939+00:00
Leftronic,(unmatched),unmatched,0.0,products.json,2026-08-11T04:43:01.281033+00:00
ZumoDrive,(unmatched),unmatched,0.0,products.json,2026-08-11T04:43:01.281126+00:00
Per Vices,(unmatched),unmatched,0.0,products.json,2026-08-11T04:43:01.281223+00:00
Newslabs,(unmatched),unmatched,0.0,products.json,2026-08-11T04:43:01.281315+00:00
HighlightCam,(unmatched),unmatched,0.0,products.json,2026-08-11T04:43:01.281403+00:00
SketchDeck,(unmatched),unmatched,0.0,products.json,2026-08-11T04:43:01.281490+00:00
Platzi,(unmatched),unmatched,0.0,products.json,2026-08-11T04:43:01.281549+00:00
Asseta,(unmatched),unmatched,0.0,products.json,2026-08-11T04:43:01.281609+00:00
Booktrope,(unmatched),unmatched,0.0,products.json,2026-08-11T04:43:01.281706+00:00
Shred Video,(unmatched),unmatched,0.0,products.json,2026-08-11T04:43:01.281807+00:00
Loom,(unmatched),unmatched,0.0,products.json,2026-08-11T04:43:01.281843+00:00
Upbeat,(unmatched),unmatched,0.0,products.json,2026-08-11T04:43:01.281904+00:00
BarSense,(unmatched),unmatched,0.0,products.json,2026-08-11T04:43:01.281996+00:00
Lever,(unmatched),unmatched,0.0,products.json,2026-08-11T04:43:01.282043+00:00
Teleborder,(unmatched),unmatched,0.0,products.json,2026-08-11T04:43:01.282130+00:00
SocialPicks,(unmatched),unmatched,0.0,products.json,2026-08-11T04:43:01.282229+00:00
Instavest,(unmatched),unmatched,0.0,products.json,2026-08-11T04:43:01.282314+00:00
Standard Treasury,(unmatched),unmatched,0.0,products.json,2026-08-11T04:43:01.282368+00:00
DataNitro,(unmatched),unmatched,0.0,products.json,2026-08-11T04:43:01.282455+00:00
Priime,(unmatched),unmatched,0.0,products.json,2026-08-11T04:43:01.282515+00:00
PocketSuite,(unmatched),unmatched,0.0,products.json,2026-08-11T04:43:01.282610+00:00
Upwave,(unmatched),unmatched,0.0,products.json,2026-08-11T04:43:01.282667+00:00
Toymail,(unmatched),unmatched,0.0,products.json,2026-08-11T04:43:01.282741+00:00
MerryMint,(unmatched),unmatched,0.0,products.json,2026-08-11T04:43:01.282827+00:00
PlanGrid,(unmatched),unmatched,0.0,products.json,2026-08-11T04:43:01.282916+00:00
Omniref,(unmatched),unmatched,0.0,products.json,2026-08-11T04:43:01.282989+00:00
Bump,(unmatched),unmatched,0.0,products.json,2026-08-11T04:43:01.283023+00:00
Pretty Instant,(unmatched),unmatched,0.0,products.json,2026-08-11T04:43:01.283085+00:00
Documents.Me,(unmatched),unmatched,0.0,products.json,2026-08-11T04:43:01.283182+00:00
Razorpay,(unmatched),unmatched,0.0,products.json,2026-08-11T04:43:01.283272+00:00
Flutter,(unmatched),unmatched,0.0,products.json,2026-08-11T04:43:01.283346+00:00
iJigg/Top440,(unmatched),unmatched,0.0,products.json,2026-08-11T04:43:01.283442+00:00
WireOver,(unmatched),unmatched,0.0,products.json,2026-08-11T04:43:01.283534+00:00
Snapdocs,(unmatched),unmatched,0.0,products.json,2026-08-11T04:43:01.283624+00:00
Appjet,(unmatched),unmatched,0.0,products.json,2026-08-11T04:43:01.283688+00:00
Watsi,(unmatched),unmatched,0.0,products.json,2026-08-11T04:43:01.283734+00:00
Dreamforge,(unmatched),unmatched,0.0,products.json,2026-08-11T04:43:01.283819+00:00
Opzi,(unmatched),unmatched,0.0,products.json,2026-08-11T04:43:01.283854+00:00
StackMachine,(unmatched),unmatched,0.0,products.json,2026-08-11T04:43:01.283942+00:00
Rescue Forensics,(unmatched),unmatched,0.0,products.json,2026-08-11T04:43:01.284003+00:00
StyleBee,(unmatched),unmatched,0.0,products.json,2026-08-11T04:43:01.284092+00:00
Shopagram,(unmatched),unmatched,0.0,products.json,2026-08-11T04:43:01.284180+00:00
Stealth Worker,(unmatched),unmatched,0.0,products.json,2026-08-11T04:43:01.284240+00:00
Luciq (formerly Instabug),(unmatched),unmatched,0.0,products.json,2026-08-11T04:43:01.284284+00:00
Popular Pays,(unmatched),unmatched,0.0,products.json,2026-08-11T04:43:01.284372+00:00
SolidStage,(unmatched),unmatched,0.0,products.json,2026-08-11T04:43:01.284458+00:00
7cups,(unmatched),unmatched,0.0,products.json,2026-08-11T04:43:01.284503+00:00
Vayable,(unmatched),unmatched,0.0,products.json,2026-08-11T04:43:01.284576+00:00
Motionlead,(unmatched),unmatched,0.0,products.json,2026-08-11T04:43:01.284661+00:00
OctaveWealth,(unmatched),unmatched,0.0,products.json,2026-08-11T04:43:01.284747+00:00
Anywhere.FM,(unmatched),unmatched,0.0,products.json,2026-08-11T04:43:01.284835+00:00
Directed Edge,(unmatched),unmatched,0.0,products.json,2026-08-11T04:43:01.284906+00:00
DailyBooth,(unmatched),unmatched,0.0,products.json,2026-08-11T04:43:01.284991+00:00
Kickpay,(unmatched),unmatched,0.0,products.json,2026-08-11T04:43:01.285063+00:00
SendHub,(unmatched),unmatched,0.0,products.json,2026-08-11T04:43:01.285135+00:00
Moltin,(unmatched),unmatched,0.0,products.json,2026-08-11T04:43:01.285192+00:00
YourMechanic,(unmatched),unmatched,0.0,products.json,2026-08-11T04:43:01.285277+00:00
Post.fm,(unmatched),unmatched,0.0,products.json,2026-08-11T04:43:01.285335+00:00
Cloudstitch,(unmatched),unmatched,0.0,products.json,2026-08-11T04:43:01.285428+00:00
RethinkDB,(unmatched),unmatched,0.0,products.json,2026-08-11T04:43:01.285515+00:00
BufferBox,(unmatched),unmatched,0.0,products.json,2026-08-11T04:43:01.285600+00:00
Paperspace,(unmatched),unmatched,0.0,products.json,2026-08-11T04:43:01.285692+00:00
BloomThat,(unmatched),unmatched,0.0,products.json,2026-08-11T04:43:01.285780+00:00
Xendit,(unmatched),unmatched,0.0,products.json,2026-08-11T04:43:01.285838+00:00
Style Lend,(unmatched),unmatched,0.0,products.json,2026-08-11T04:43:01.285924+00:00
FutureAdvisor,(unmatched),unmatched,0.0,products.json,2026-08-11T04:43:01.285993+00:00
inDinero,(unmatched),unmatched,0.0,products.json,2026-08-11T04:43:01.286082+00:00
Rickshaw,(unmatched),unmatched,0.0,products.json,2026-08-11T04:43:01.286172+00:00
Open Listings,(unmatched),unmatched,0.0,products.json,2026-08-11T04:43:01.286242+00:00
WePay,(unmatched),unmatched,0.0,products.json,2026-08-11T04:43:01.286287+00:00
CoreOS,(unmatched),unmatched,0.0,products.json,2026-08-11T04:43:01.286345+00:00
Guesty,(unmatched),unmatched,0.0,products.json,2026-08-11T04:43:01.286401+00:00
BuildScience,(unmatched),unmatched,0.0,products.json,2026-08-11T04:43:01.286486+00:00
1000Memories,(unmatched),unmatched,0.0,products.json,2026-08-11T04:43:01.286570+00:00
Hipmob,(unmatched),unmatched,0.0,products.json,2026-08-11T04:43:01.286627+00:00
SalesSift,(unmatched),unmatched,0.0,products.json,2026-08-11T04:43:01.286711+00:00
Hackermeter,(unmatched),unmatched,0.0,products.json,2026-08-11T04:43:01.286806+00:00
AeroFS,(unmatched),unmatched,0.0,products.json,2026-08-11T04:43:01.286863+00:00
MyVR,(unmatched),unmatched,0.0,products.json,2026-08-11T04:43:01.286896+00:00
WorkFlowy,(unmatched),unmatched,0.0,products.json,2026-08-11T04:43:01.286981+00:00
Edyn,(unmatched),unmatched,0.0,products.json,2026-08-11T04:43:01.287014+00:00
Seed,(unmatched),unmatched,0.0,products.json,2026-08-11T04:43:01.287047+00:00
Profig,(unmatched),unmatched,0.0,products.json,2026-08-11T04:43:01.287103+00:00
Crowdery,(unmatched),unmatched,0.0,products.json,2026-08-11T04:43:01.287191+00:00
FanHero,(unmatched),unmatched,0.0,products.json,2026-08-11T04:43:01.287263+00:00
Sendwave,(unmatched),unmatched,0.0,products.json,2026-08-11T04:43:01.287350+00:00
ReadMe,(unmatched),unmatched,0.0,products.json,2026-08-11T04:43:01.287408+00:00
Crohnology (by Healthy Labs),(unmatched),unmatched,0.0,products.json,2026-08-11T04:43:01.287448+00:00
HauteDay,(unmatched),unmatched,0.0,products.json,2026-08-11T04:43:01.287538+00:00
Olark,(unmatched),unmatched,0.0,products.json,2026-08-11T04:43:01.287582+00:00
PagerDuty,(unmatched),unmatched,0.0,products.json,2026-08-11T04:43:01.287667+00:00
Partnered,(unmatched),unmatched,0.0,products.json,2026-08-11T04:43:01.287759+00:00
Fuzzwich,(unmatched),unmatched,0.0,products.json,2026-08-11T04:43:01.287851+00:00
Nebia,(unmatched),unmatched,0.0,products.json,2026-08-11T04:43:01.287897+00:00
HireArt,(unmatched),unmatched,0.0,products.json,2026-08-11T04:43:01.287968+00:00
TrueVault,(unmatched),unmatched,0.0,products.json,2026-08-11T04:43:01.288054+00:00
Standard Cyborg,(unmatched),unmatched,0.0,products.json,2026-08-11T04:43:01.288114+00:00
Tab,(unmatched),unmatched,0.0,products.json,2026-08-11T04:43:01.288145+00:00
Pachyderm,(unmatched),unmatched,0.0,products.json,2026-08-11T04:43:01.288233+00:00
ReSchedule Med,(unmatched),unmatched,0.0,products.json,2026-08-11T04:43:01.288294+00:00
Medmonk,(unmatched),unmatched,0.0,products.json,2026-08-11T04:43:01.288367+00:00
Jobspice,(unmatched),unmatched,0.0,products.json,2026-08-11T04:43:01.288456+00:00
Brace,(unmatched),unmatched,0.0,products.json,2026-08-11T04:43:01.288501+00:00
NewsBlur,(unmatched),unmatched,0.0,products.json,2026-08-11T04:43:01.288589+00:00
42Floors,(unmatched),unmatched,0.0,products.json,2026-08-11T04:43:01.288676+00:00
Apptimize,(unmatched),unmatched,0.0,products.json,2026-08-11T04:43:01.289166+00:00
Natero,(unmatched),unmatched,0.0,products.json,2026-08-11T04:43:01.289252+00:00
Unicornly,(unmatched),unmatched,0.0,products.json,2026-08-11T04:43:01.289350+00:00
Shift Messenger,(unmatched),unmatched,0.0,products.json,2026-08-11T04:43:01.289422+00:00
Mixpanel,(unmatched),unmatched,0.0,products.json,2026-08-11T04:43:01.289585+00:00
Medigram,(unmatched),unmatched,0.0,products.json,2026-08-11T04:43:01.289713+00:00
Zenflow,(unmatched),unmatched,0.0,products.json,2026-08-11T04:43:01.289978+00:00
Virtualmin,(unmatched),unmatched,0.0,products.json,2026-08-11T04:43:01.290134+00:00
NetBeez,(unmatched),unmatched,0.0,products.json,2026-08-11T04:43:01.290237+00:00
Spoil,(unmatched),unmatched,0.0,products.json,2026-08-11T04:43:01.290292+00:00
Posmetrics,(unmatched),unmatched,0.0,products.json,2026-08-11T04:43:01.290385+00:00
Transcriptic,(unmatched),unmatched,0.0,products.json,2026-08-11T04:43:01.290552+00:00
Terravion,(unmatched),unmatched,0.0,products.json,2026-08-11T04:43:01.290697+00:00
Xfers,(unmatched),unmatched,0.0,products.json,2026-08-11T04:43:01.290753+00:00
Ark,(unmatched),unmatched,0.0,products.json,2026-08-11T04:43:01.290955+00:00
Y Combinator,(unmatched),unmatched,0.0,products.json,2026-08-11T04:43:01.291077+00:00
Tuxebo,(unmatched),unmatched,0.0,products.json,2026-08-11T04:43:01.291141+00:00
Couple,(unmatched),unmatched,0.0,products.json,2026-08-11T04:43:01.291200+00:00
Submittable,(unmatched),unmatched,0.0,products.json,2026-08-11T04:43:01.291300+00:00
Weebly,(unmatched),unmatched,0.0,products.json,2026-08-11T04:43:01.291429+00:00
Kippt,(unmatched),unmatched,0.0,products.json,2026-08-11T04:43:01.291486+00:00
Wit.ai,(unmatched),unmatched,0.0,products.json,2026-08-11T04:43:01.291535+00:00
PlateJoy,(unmatched),unmatched,0.0,products.json,2026-08-11T04:43:01.291629+00:00
The Muse,(unmatched),unmatched,0.0,products.json,2026-08-11T04:43:01.291723+00:00
Amiato,(unmatched),unmatched,0.0,products.json,2026-08-11T04:43:01.291784+00:00
Valor Water Analytics,(unmatched),unmatched,0.0,products.json,2026-08-11T04:43:01.291827+00:00
Fanvibe,(unmatched),unmatched,0.0,products.json,2026-08-11T04:43:01.291901+00:00
Sails Co.,(unmatched),unmatched,0.0,products.json,2026-08-11T04:43:01.291950+00:00
Newcope,(unmatched),unmatched,0.0,products.json,2026-08-11T04:43:01.292024+00:00
Ready For Zero,(unmatched),unmatched,0.0,products.json,2026-08-11T04:43:01.292086+00:00
Caper,(unmatched),unmatched,0.0,products.json,2026-08-11T04:43:01.292165+00:00
Revl,(unmatched),unmatched,0.0,products.json,2026-08-11T04:43:01.292275+00:00
"Estimote, Inc.",(unmatched),unmatched,0.0,products.json,2026-08-11T04:43:01.292402+00:00
Bountii,(unmatched),unmatched,0.0,products.json,2026-08-11T04:43:01.292483+00:00
Mattermark,(unmatched),unmatched,0.0,products.json,2026-08-11T04:43:01.292645+00:00
Docker,(unmatched),unmatched,0.0,products.json,2026-08-11T04:43:01.292724+00:00
Fridge,(unmatched),unmatched,0.0,products.json,2026-08-11T04:43:01.292788+00:00
Pulpix,(unmatched),unmatched,0.0,products.json,2026-08-11T04:43:01.292847+00:00
Fanchatter,(unmatched),unmatched,0.0,products.json,2026-08-11T04:43:01.292937+00:00
Plurchase,(unmatched),unmatched,0.0,products.json,2026-08-11T04:43:01.293029+00:00
Rescale,(unmatched),unmatched,0.0,products.json,2026-08-11T04:43:01.293106+00:00
Zapier,(unmatched),unmatched,0.0,products.json,2026-08-11T04:43:01.293166+00:00
Carsabi,(unmatched),unmatched,0.0,products.json,2026-08-11T04:43:01.293240+00:00
Smarking,(unmatched),unmatched,0.0,products.json,2026-08-11T04:43:01.293332+00:00
Tapzilla,(unmatched),unmatched,0.0,products.json,2026-08-11T04:43:01.293421+00:00
Zidisha,(unmatched),unmatched,0.0,products.json,2026-08-11T04:43:01.293494+00:00
SIRUM,(unmatched),unmatched,0.0,products.json,2026-08-11T04:43:01.293539+00:00
Shift Labs,(unmatched),unmatched,0.0,products.json,2026-08-11T04:43:01.293628+00:00
Zesty,(unmatched),unmatched,0.0,products.json,2026-08-11T04:43:01.293674+00:00
GraffitiGeo,(unmatched),unmatched,0.0,products.json,2026-08-11T04:43:01.293771+00:00
Whereoscope,(unmatched),unmatched,0.0,products.json,2026-08-11T04:43:01.293867+00:00
Shopular,(unmatched),unmatched,0.0,products.json,2026-08-11T04:43:01.293957+00:00
Buxfer,(unmatched),unmatched,0.0,products.json,2026-08-11T04:43:01.294027+00:00
Octopart,(unmatched),unmatched,0.0,products.json,2026-08-11T04:43:01.294116+00:00
Hello Chair,(unmatched),unmatched,0.0,products.json,2026-08-11T04:43:01.294212+00:00
Hipset,(unmatched),unmatched,0.0,products.json,2026-08-11T04:43:01.294269+00:00
Tempo,(unmatched),unmatched,0.0,products.json,2026-08-11T04:43:01.294314+00:00
VoiceGem,(unmatched),unmatched,0.0,products.json,2026-08-11T04:43:01.294402+00:00
Zinc,(unmatched),unmatched,0.0,products.json,2026-08-11T04:43:01.294436+00:00
Wink Health,(unmatched),unmatched,0.0,products.json,2026-08-11T04:43:01.294540+00:00
Flightcaster,(unmatched),unmatched,0.0,products.json,2026-08-11T04:43:01.294624+00:00
Picplum,(unmatched),unmatched,0.0,products.json,2026-08-11T04:43:01.294698+00:00
Tap to Learn,(unmatched),unmatched,0.0,products.json,2026-08-11T04:43:01.294786+00:00
Fond,(unmatched),unmatched,0.0,products.json,2026-08-11T04:43:01.294820+00:00
Graft Concepts,(unmatched),unmatched,0.0,products.json,2026-08-11T04:43:01.294881+00:00
TeamNote,(unmatched),unmatched,0.0,products.json,2026-08-11T04:43:01.294970+00:00
Zenter,(unmatched),unmatched,0.0,products.json,2026-08-11T04:43:01.295030+00:00
X-Zell,(unmatched),unmatched,0.0,products.json,2026-08-11T04:43:01.295076+00:00
Eivod,(unmatched),unmatched,0.0,products.json,2026-08-11T04:43:01.295120+00:00
Socialcam,(unmatched),unmatched,0.0,products.json,2026-08-11T04:43:01.295207+00:00
Priceonomics,(unmatched),unmatched,0.0,products.json,2026-08-11T04:43:01.295294+00:00
Pribbit,(unmatched),unmatched,0.0,products.json,2026-08-11T04:43:01.295368+00:00
SigOpt,(unmatched),unmatched,0.0,products.json,2026-08-11T04:43:01.295426+00:00
SlidePay,(unmatched),unmatched,0.0,products.json,2026-08-11T04:43:01.295516+00:00
Benchling,(unmatched),unmatched,0.0,products.json,2026-08-11T04:43:01.295602+00:00
Vanhawks,(unmatched),unmatched,0.0,products.json,2026-08-11T04:43:01.295692+00:00
Splashup,(unmatched),unmatched,0.0,products.json,2026-08-11T04:43:01.295780+00:00
NudgePad,(unmatched),unmatched,0.0,products.json,2026-08-11T04:43:01.295871+00:00
Algolia,(unmatched),unmatched,0.0,products.json,2026-08-11T04:43:01.295945+00:00
Hum,(unmatched),unmatched,0.0,products.json,2026-08-11T04:43:01.295974+00:00
Makrwatch,(unmatched),unmatched,0.0,products.json,2026-08-11T04:43:01.296075+00:00
BookSolid,(unmatched),unmatched,0.0,products.json,2026-08-11T04:43:01.296161+00:00
Clutch,(unmatched),unmatched,0.0,products.json,2026-08-11T04:43:01.296219+00:00
Koduco,(unmatched),unmatched,0.0,products.json,2026-08-11T04:43:01.296276+00:00
Optilly/Installmonetizer,(unmatched),unmatched,0.0,products.json,2026-08-11T04:43:01.296317+00:00
Flightfox,(unmatched),unmatched,0.0,products.json,2026-08-11T04:43:01.296403+00:00
ContestMachine,(unmatched),unmatched,0.0,products.json,2026-08-11T04:43:01.296462+00:00
HackPad,(unmatched),unmatched,0.0,products.json,2026-08-11T04:43:01.296536+00:00
Gobble,(unmatched),unmatched,0.0,products.json,2026-08-11T04:43:01.296593+00:00
Bagaveev Corporation,(unmatched),unmatched,0.0,products.json,2026-08-11T04:43:01.296686+00:00
AdGrok,(unmatched),unmatched,0.0,products.json,2026-08-11T04:43:01.296744+00:00
Apollo,(unmatched),unmatched,0.0,products.json,2026-08-11T04:43:01.296800+00:00
Biographicon,(unmatched),unmatched,0.0,products.json,2026-08-11T04:43:01.296886+00:00
Lingt,(unmatched),unmatched,0.0,products.json,2026-08-11T04:43:01.296931+00:00
DoorDash,(unmatched),unmatched,0.0,products.json,2026-08-11T04:43:01.297021+00:00
Whitenoise,(unmatched),unmatched,0.0,products.json,2026-08-11T04:43:01.297105+00:00
Glio,(unmatched),unmatched,0.0,products.json,2026-08-11T04:43:01.297139+00:00
SimpleLegal,(unmatched),unmatched,0.0,products.json,2026-08-11T04:43:01.297234+00:00
Remix,(unmatched),unmatched,0.0,products.json,2026-08-11T04:43:01.297278+00:00
TRAC,(unmatched),unmatched,0.0,products.json,2026-08-11T04:43:01.297312+00:00
Clickpass,(unmatched),unmatched,0.0,products.json,2026-08-11T04:43:01.297400+00:00
Coinbase,(unmatched),unmatched,0.0,products.json,2026-08-11T04:43:01.297489+00:00
ReelSurfer,(unmatched),unmatched,0.0,products.json,2026-08-11T04:43:01.297573+00:00
Pave,(unmatched),unmatched,0.0,products.json,2026-08-11T04:43:01.297607+00:00
HackerRank,(unmatched),unmatched,0.0,products.json,2026-08-11T04:43:01.297692+00:00
Lully,(unmatched),unmatched,0.0,products.json,2026-08-11T04:43:01.297736+00:00
RoboHR,(unmatched),unmatched,0.0,products.json,2026-08-11T04:43:01.297792+00:00
Mertado,(unmatched),unmatched,0.0,products.json,2026-08-11T04:43:01.297865+00:00
Casetext,(unmatched),unmatched,0.0,products.json,2026-08-11T04:43:01.297953+00:00
Keychain Logistics,(unmatched),unmatched,0.0,products.json,2026-08-11T04:43:01.298008+00:00
Tastemaker,(unmatched),unmatched,0.0,products.json,2026-08-11T04:43:01.298094+00:00
Floobits,(unmatched),unmatched,0.0,products.json,2026-08-11T04:43:01.298184+00:00
View3,(unmatched),unmatched,0.0,products.json,2026-08-11T04:43:01.298230+00:00
Rare Door,(unmatched),unmatched,0.0,products.json,2026-08-11T04:43:01.298317+00:00
GBatteries,(unmatched),unmatched,0.0,products.json,2026-08-11T04:43:01.298401+00:00
500Friends,(unmatched),unmatched,0.0,products.json,2026-08-11T04:43:01.298487+00:00
Cofactor Genomics,(unmatched),unmatched,0.0,products.json,2026-08-11T04:43:01.298540+00:00
Chariot,(unmatched),unmatched,0.0,products.json,2026-08-11T04:43:01.298655+00:00
GoScale,(unmatched),unmatched,0.0,products.json,2026-08-11T04:43:01.298735+00:00
EasyPost,(unmatched),unmatched,0.0,products.json,2026-08-11T04:43:01.298823+00:00
SpoonRocket,(unmatched),unmatched,0.0,products.json,2026-08-11T04:43:01.298918+00:00
WriteWith,(unmatched),unmatched,0.0,products.json,2026-08-11T04:43:01.299003+00:00
Pakible,(unmatched),unmatched,0.0,products.json,2026-08-11T04:43:01.299075+00:00
"80,000 Hours",(unmatched),unmatched,0.0,products.json,2026-08-11T04:43:01.299172+00:00
Reble,(unmatched),unmatched,0.0,products.json,2026-08-11T04:43:01.299216+00:00
Genius,(unmatched),unmatched,0.0,products.json,2026-08-11T04:43:01.299273+00:00
Buttercoin,(unmatched),unmatched,0.0,products.json,2026-08-11T04:43:01.299358+00:00
Cratejoy,(unmatched),unmatched,0.0,products.json,2026-08-11T04:43:01.299446+00:00
Unbabel,(unmatched),unmatched,0.0,products.json,2026-08-11T04:43:01.299518+00:00
Flip,(unmatched),unmatched,0.0,products.json,2026-08-11T04:43:01.299551+00:00
ZowPow,(unmatched),unmatched,0.0,products.json,2026-08-11T04:43:01.299606+00:00
Bitmovin,(unmatched),unmatched,0.0,products.json,2026-08-11T04:43:01.299695+00:00
Tara AI,(unmatched),unmatched,0.0,products.json,2026-08-11T04:43:01.299769+00:00
MixerBox,(unmatched),unmatched,0.0,products.json,2026-08-11T04:43:01.299855+00:00
Vest,(unmatched),unmatched,0.0,products.json,2026-08-11T04:43:01.299889+00:00
OneSignal,(unmatched),unmatched,0.0,products.json,2026-08-11T04:43:01.299974+00:00
BackerKit,(unmatched),unmatched,0.0,products.json,2026-08-11T04:43:01.300065+00:00
Meetyu,(unmatched),unmatched,0.0,products.json,2026-08-11T04:43:01.300125+00:00
Bitplay,(unmatched),unmatched,0.0,products.json,2026-08-11T04:43:01.300198+00:00
Credictive,(unmatched),unmatched,0.0,products.json,2026-08-11T04:43:01.300284+00:00
Socialmoth,(unmatched),unmatched,0.0,products.json,2026-08-11T04:43:01.300368+00:00
Redspread,(unmatched),unmatched,0.0,products.json,2026-08-11T04:43:01.300453+00:00
LocalOn,(unmatched),unmatched,0.0,products.json,2026-08-11T04:43:01.300525+00:00
Resolve,(unmatched),unmatched,0.0,products.json,2026-08-11T04:43:01.300597+00:00
OpenCurriculum,(unmatched),unmatched,0.0,products.json,2026-08-11T04:43:01.300657+00:00
Zigfu,(unmatched),unmatched,0.0,products.json,2026-08-11T04:43:01.300701+00:00
Replika,(unmatched),unmatched,0.0,products.json,2026-08-11T04:43:01.300774+00:00
Paystack,(unmatched),unmatched,0.0,products.json,2026-08-11T04:43:01.300863+00:00
Fabricly,(unmatched),unmatched,0.0,products.json,2026-08-11T04:43:01.300953+00:00
Scribd,(unmatched),unmatched,0.0,products.json,2026-08-11T04:43:01.301011+00:00
Glider,(unmatched),unmatched,0.0,products.json,2026-08-11T04:43:01.301067+00:00
Crocodoc,(unmatched),unmatched,0.0,products.json,2026-08-11T04:43:01.301155+00:00
Stackq,(unmatched),unmatched,0.0,products.json,2026-08-11T04:43:01.301211+00:00
Senic,(unmatched),unmatched,0.0,products.json,2026-08-11T04:43:01.301256+00:00
RentHop,(unmatched),unmatched,0.0,products.json,2026-08-11T04:43:01.301328+00:00
GoComm,(unmatched),unmatched,0.0,products.json,2026-08-11T04:43:01.301384+00:00
FamilyLeaf,(unmatched),unmatched,0.0,products.json,2026-08-11T04:43:01.301469+00:00
YesGraph,(unmatched),unmatched,0.0,products.json,2026-08-11T04:43:01.301560+00:00
PayDragon,(unmatched),unmatched,0.0,products.json,2026-08-11T04:43:01.301646+00:00
Embedly,(unmatched),unmatched,0.0,products.json,2026-08-11T04:43:01.301719+00:00
Instawork,(unmatched),unmatched,0.0,products.json,2026-08-11T04:43:01.301805+00:00
Podium,(unmatched),unmatched,0.0,products.json,2026-08-11T04:43:01.301863+00:00
Matterport,(unmatched),unmatched,0.0,products.json,2026-08-11T04:43:01.301948+00:00
Interstate Analytics,(unmatched),unmatched,0.0,products.json,2026-08-11T04:43:01.301996+00:00
Heysan,(unmatched),unmatched,0.0,products.json,2026-08-11T04:43:01.302056+00:00
Recurious,(unmatched),unmatched,0.0,products.json,2026-08-11T04:43:01.302145+00:00
Lockitron,(unmatched),unmatched,0.0,products.json,2026-08-11T04:43:01.302231+00:00
Whirlscape,(unmatched),unmatched,0.0,products.json,2026-08-11T04:43:01.302319+00:00
Shoptiques,(unmatched),unmatched,0.0,products.json,2026-08-11T04:43:01.302405+00:00
NimbleRx,(unmatched),unmatched,0.0,products.json,2026-08-11T04:43:01.302495+00:00
Underground Cellar,(unmatched),unmatched,0.0,products.json,2026-08-11T04:43:01.302544+00:00
Jamglue,(unmatched),unmatched,0.0,products.json,2026-08-11T04:43:01.302618+00:00
Xobni,(unmatched),unmatched,0.0,products.json,2026-08-11T04:43:01.302663+00:00
Gusto,(unmatched),unmatched,0.0,products.json,2026-08-11T04:43:01.302708+00:00
One Month,(unmatched),unmatched,0.0,products.json,2026-08-11T04:43:01.302796+00:00
CarWoo,(unmatched),unmatched,0.0,products.json,2026-08-11T04:43:01.302853+00:00
MessageParty,(unmatched),unmatched,0.0,products.json,2026-08-11T04:43:01.302941+00:00
Avametric,(unmatched),unmatched,0.0,products.json,2026-08-11T04:43:01.303028+00:00
Le Tote,(unmatched),unmatched,0.0,products.json,2026-08-11T04:43:01.303103+00:00
Debteye,(unmatched),unmatched,0.0,products.json,2026-08-11T04:43:01.303175+00:00
Font Awesome,(unmatched),unmatched,0.0,products.json,2026-08-11T04:43:01.303264+00:00
Nomiku,(unmatched),unmatched,0.0,products.json,2026-08-11T04:43:01.303321+00:00
Thinkature,(unmatched),unmatched,0.0,products.json,2026-08-11T04:43:01.303408+00:00
CleverDeck,(unmatched),unmatched,0.0,products.json,2026-08-11T04:43:01.303494+00:00
Panorama Education,(unmatched),unmatched,0.0,products.json,2026-08-11T04:43:01.303542+00:00
Virool,(unmatched),unmatched,0.0,products.json,2026-08-11T04:43:01.303599+00:00
Chute,(unmatched),unmatched,0.0,products.json,2026-08-11T04:43:01.303644+00:00
Framed Data,(unmatched),unmatched,0.0,products.json,2026-08-11T04:43:01.303741+00:00
WayUp,(unmatched),unmatched,0.0,products.json,2026-08-11T04:43:01.303786+00:00
Wakemate,(unmatched),unmatched,0.0,products.json,2026-08-11T04:43:01.303875+00:00
Unima,(unmatched),unmatched,0.0,products.json,2026-08-11T04:43:01.303921+00:00
Optimizely,(unmatched),unmatched,0.0,products.json,2026-08-11T04:43:01.304154+00:00
Wattvision,(unmatched),unmatched,0.0,products.json,2026-08-11T04:43:01.304257+00:00
Talkito,(unmatched),unmatched,0.0,products.json,2026-08-11T04:43:01.304332+00:00
Make School,(unmatched),unmatched,0.0,products.json,2026-08-11T04:43:01.304431+00:00
Parallel Universe,(unmatched),unmatched,0.0,products.json,2026-08-11T04:43:01.304485+00:00
AirPair,(unmatched),unmatched,0.0,products.json,2026-08-11T04:43:01.304560+00:00
Immunity Project,(unmatched),unmatched,0.0,products.json,2026-08-11T04:43:01.304623+00:00
Cleanly,(unmatched),unmatched,0.0,products.json,2026-08-11T04:43:01.304705+00:00
Bonfire,(unmatched),unmatched,0.0,products.json,2026-08-11T04:43:01.304779+00:00
Streak,(unmatched),unmatched,0.0,products.json,2026-08-11T04:43:01.304837+00:00
Watchsend,(unmatched),unmatched,0.0,products.json,2026-08-11T04:43:01.304926+00:00
Pixelapse,(unmatched),unmatched,0.0,products.json,2026-08-11T04:43:01.305012+00:00
Auctomatic,(unmatched),unmatched,0.0,products.json,2026-08-11T04:43:01.305099+00:00
Tsumobi,(unmatched),unmatched,0.0,products.json,2026-08-11T04:43:01.305173+00:00
Aisle50,(unmatched),unmatched,0.0,products.json,2026-08-11T04:43:01.305244+00:00
Lob,(unmatched),unmatched,0.0,products.json,2026-08-11T04:43:01.305275+00:00
Vidpresso,(unmatched),unmatched,0.0,products.json,2026-08-11T04:43:01.305361+00:00
Skysheet,(unmatched),unmatched,0.0,products.json,2026-08-11T04:43:01.305451+00:00
GiveSpark,(unmatched),unmatched,0.0,products.json,2026-08-11T04:43:01.305537+00:00
Foodoro,(unmatched),unmatched,0.0,products.json,2026-08-11T04:43:01.305610+00:00
Screenleap,(unmatched),unmatched,0.0,products.json,2026-08-11T04:43:01.305694+00:00
Salt Security,(unmatched),unmatched,0.0,products.json,2026-08-11T04:43:01.305765+00:00
Minefold,(unmatched),unmatched,0.0,products.json,2026-08-11T04:43:01.305855+00:00
VetPronto,(unmatched),unmatched,0.0,products.json,2026-08-11T04:43:01.305941+00:00
Nowmov,(unmatched),unmatched,0.0,products.json,2026-08-11T04:43:01.306033+00:00
Zencoder,(unmatched),unmatched,0.0,products.json,2026-08-11T04:43:01.306125+00:00
Volantio,(unmatched),unmatched,0.0,products.json,2026-08-11T04:43:01.306215+00:00
Patchwork Security,(unmatched),unmatched,0.0,products.json,2026-08-11T04:43:01.306263+00:00
Assorted Bits,(unmatched),unmatched,0.0,products.json,2026-08-11T04:43:01.306334+00:00
RegistryLove,(unmatched),unmatched,0.0,products.json,2026-08-11T04:43:01.306419+00:00
Aptible,(unmatched),unmatched,0.0,products.json,2026-08-11T04:43:01.306492+00:00
Eight Sleep,(unmatched),unmatched,0.0,products.json,2026-08-11T04:43:01.306586+00:00
Amulyte,(unmatched),unmatched,0.0,products.json,2026-08-11T04:43:01.306660+00:00
Science Exchange,(unmatched),unmatched,0.0,products.json,2026-08-11T04:43:01.306720+00:00
MicroEval,(unmatched),unmatched,0.0,products.json,2026-08-11T04:43:01.306808+00:00
Scoutzie,(unmatched),unmatched,0.0,products.json,2026-08-11T04:43:01.306896+00:00
RealCrowd,(unmatched),unmatched,0.0,products.json,2026-08-11T04:43:01.306982+00:00
Airbnb,(unmatched),unmatched,0.0,products.json,2026-08-11T04:43:01.307040+00:00
Mashgin,(unmatched),unmatched,0.0,products.json,2026-08-11T04:43:01.307113+00:00
Shasqi,(unmatched),unmatched,0.0,products.json,2026-08-11T04:43:01.307169+00:00
OMGPop,(unmatched),unmatched,0.0,products.json,2026-08-11T04:43:01.307226+00:00
Zip Phone,(unmatched),unmatched,0.0,products.json,2026-08-11T04:43:01.307313+00:00
Quartzy,(unmatched),unmatched,0.0,products.json,2026-08-11T04:43:01.307428+00:00
Bus.com,(unmatched),unmatched,0.0,products.json,2026-08-11T04:43:01.307492+00:00
Go1,(unmatched),unmatched,0.0,products.json,2026-08-11T04:43:01.307523+00:00
Spire Health,(unmatched),unmatched,0.0,products.json,2026-08-11T04:43:01.307745+00:00
Quantierra,(unmatched),unmatched,0.0,products.json,2026-08-11T04:43:01.307864+00:00
Traversal Networks,(unmatched),unmatched,0.0,products.json,2026-08-11T04:43:01.307918+00:00
Likebetter,(unmatched),unmatched,0.0,products.json,2026-08-11T04:43:01.308007+00:00
Reebee,(unmatched),unmatched,0.0,products.json,2026-08-11T04:43:01.308067+00:00
Backpack,(unmatched),unmatched,0.0,products.json,2026-08-11T04:43:01.308157+00:00
eBrandvalue,(unmatched),unmatched,0.0,products.json,2026-08-11T04:43:01.308255+00:00
Freshplum,(unmatched),unmatched,0.0,products.json,2026-08-11T04:43:01.308341+00:00
Codecademy,(unmatched),unmatched,0.0,products.json,2026-08-11T04:43:01.308428+00:00
Exec,(unmatched),unmatched,0.0,products.json,2026-08-11T04:43:01.308464+00:00
OwnLocal,(unmatched),unmatched,0.0,products.json,2026-08-11T04:43:01.308554+00:00
Yhat,(unmatched),unmatched,0.0,products.json,2026-08-11T04:43:01.308589+00:00
Meta,(unmatched),unmatched,0.0,products.json,2026-08-11T04:43:01.308624+00:00
reMail,(unmatched),unmatched,0.0,products.json,2026-08-11T04:43:01.308682+00:00
Bannerman,(unmatched),unmatched,0.0,products.json,2026-08-11T04:43:01.308770+00:00
Enflux,(unmatched),unmatched,0.0,products.json,2026-08-11T04:43:01.308827+00:00
Vastrm,(unmatched),unmatched,0.0,products.json,2026-08-11T04:43:01.308885+00:00
Double Robotics,(unmatched),unmatched,0.0,products.json,2026-08-11T04:43:01.308985+00:00
Viacycle,(unmatched),unmatched,0.0,products.json,2026-08-11T04:43:01.309147+00:00
Raven Tech,(unmatched),unmatched,0.0,products.json,2026-08-11T04:43:01.309253+00:00
Echodio,(unmatched),unmatched,0.0,products.json,2026-08-11T04:43:01.309403+00:00
EquipmentShare,(unmatched),unmatched,0.0,products.json,2026-08-11T04:43:01.309481+00:00
Arcus,(unmatched),unmatched,0.0,products.json,2026-08-11T04:43:01.309534+00:00
Lumi,(unmatched),unmatched,0.0,products.json,2026-08-11T04:43:01.309570+00:00
Parenthoods,(unmatched),unmatched,0.0,products.json,2026-08-11T04:43:01.309668+00:00
Inkling,(unmatched),unmatched,0.0,products.json,2026-08-11T04:43:01.309761+00:00
Teleport,(unmatched),unmatched,0.0,products.json,2026-08-11T04:43:01.309854+00:00
Audobox,(unmatched),unmatched,0.0,products.json,2026-08-11T04:43:01.309929+00:00
Lugg,(unmatched),unmatched,0.0,products.json,2026-08-11T04:43:01.309964+00:00
Apollo.io,(unmatched),unmatched,0.0,products.json,2026-08-11T04:43:01.310058+00:00
Amplitude,(unmatched),unmatched,0.0,products.json,2026-08-11T04:43:01.310148+00:00
Dyspatch,(unmatched),unmatched,0.0,products.json,2026-08-11T04:43:01.310240+00:00
Gamador,(unmatched),unmatched,0.0,products.json,2026-08-11T04:43:01.310315+00:00
Segment,(unmatched),unmatched,0.0,products.json,2026-08-11T04:43:01.310390+00:00
Mobydish,(unmatched),unmatched,0.0,products.json,2026-08-11T04:43:01.310481+00:00
Clustrix,(unmatched),unmatched,0.0,products.json,2026-08-11T04:43:01.310572+00:00
Lucira Health,(unmatched),unmatched,0.0,products.json,2026-08-11T04:43:01.310646+00:00
Proxino,(unmatched),unmatched,0.0,products.json,2026-08-11T04:43:01.310721+00:00
Giveffect,(unmatched),unmatched,0.0,products.json,2026-08-11T04:43:01.310809+00:00
Celery,(unmatched),unmatched,0.0,products.json,2026-08-11T04:43:01.310870+00:00
Coco Controller,(unmatched),unmatched,0.0,products.json,2026-08-11T04:43:01.310932+00:00
Creative Market,(unmatched),unmatched,0.0,products.json,2026-08-11T04:43:01.310994+00:00
Citus Data,(unmatched),unmatched,0.0,products.json,2026-08-11T04:43:01.311081+00:00
Spaces Life,(unmatched),unmatched,0.0,products.json,2026-08-11T04:43:01.311177+00:00
LendUp,(unmatched),unmatched,0.0,products.json,2026-08-11T04:43:01.311237+00:00
Plivo,(unmatched),unmatched,0.0,products.json,2026-08-11T04:43:01.311282+00:00
Butter Systems,(unmatched),unmatched,0.0,products.json,2026-08-11T04:43:01.311342+00:00
Zenedy,(unmatched),unmatched,0.0,products.json,2026-08-11T04:43:01.311401+00:00
Bikanta,(unmatched),unmatched,0.0,products.json,2026-08-11T04:43:01.311474+00:00
Glassjar,(unmatched),unmatched,0.0,products.json,2026-08-11T04:43:01.311564+00:00
Triplebyte,(unmatched),unmatched,0.0,products.json,2026-08-11T04:43:01.311650+00:00
Tilt,(unmatched),unmatched,0.0,products.json,2026-08-11T04:43:01.311693+00:00
Zillabyte,(unmatched),unmatched,0.0,products.json,2026-08-11T04:43:01.311781+00:00
Vive,(unmatched),unmatched,0.0,products.json,2026-08-11T04:43:01.311815+00:00
LaunchHear,(unmatched),unmatched,0.0,products.json,2026-08-11T04:43:01.311901+00:00
Saida,(unmatched),unmatched,0.0,products.json,2026-08-11T04:43:01.311945+00:00
Dealyze,(unmatched),unmatched,0.0,products.json,2026-08-11T04:43:01.312018+00:00
StatusPage,(unmatched),unmatched,0.0,products.json,2026-08-11T04:43:01.312104+00:00
Billforward,(unmatched),unmatched,0.0,products.json,2026-08-11T04:43:01.312199+00:00
AgileMD,(unmatched),unmatched,0.0,products.json,2026-08-11T04:43:01.312271+00:00
ThinAir,(unmatched),unmatched,0.0,products.json,2026-08-11T04:43:01.312344+00:00
Industrial Microbes,(unmatched),unmatched,0.0,products.json,2026-08-11T04:43:01.312392+00:00
GitLab,(unmatched),unmatched,0.0,products.json,2026-08-11T04:43:01.312449+00:00
Marft,(unmatched),unmatched,0.0,products.json,2026-08-11T04:43:01.312494+00:00
Stypi,(unmatched),unmatched,0.0,products.json,2026-08-11T04:43:01.312539+00:00
All Screen,(unmatched),unmatched,0.0,products.json,2026-08-11T04:43:01.312626+00:00
Leaders In Tech,(unmatched),unmatched,0.0,products.json,2026-08-11T04:43:01.312686+00:00
AdThrow,(unmatched),unmatched,0.0,products.json,2026-08-11T04:43:01.312760+00:00
Layer By Layer,(unmatched),unmatched,0.0,products.json,2026-08-11T04:43:01.312821+00:00
Yardbook,(unmatched),unmatched,0.0,products.json,2026-08-11T04:43:01.312910+00:00
Talkray (TiKL),(unmatched),unmatched,0.0,products.json,2026-08-11T04:43:01.312997+00:00
Zipio,(unmatched),unmatched,0.0,products.json,2026-08-11T04:43:01.313044+00:00
teaBOT,(unmatched),unmatched,0.0,products.json,2026-08-11T04:43:01.313101+00:00
Fithub,(unmatched),unmatched,0.0,products.json,2026-08-11T04:43:01.313158+00:00
Cardpool,(unmatched),unmatched,0.0,products.json,2026-08-11T04:43:01.313247+00:00
Instantq,(unmatched),unmatched,0.0,products.json,2026-08-11T04:43:01.313335+00:00
Study Edge,(unmatched),unmatched,0.0,products.json,2026-08-11T04:43:01.313421+00:00
Automate Ads,(unmatched),unmatched,0.0,products.json,2026-08-11T04:43:01.313509+00:00
Fountain,(unmatched),unmatched,0.0,products.json,2026-08-11T04:43:01.313599+00:00
Everyday.me,(unmatched),unmatched,0.0,products.json,2026-08-11T04:43:01.313691+00:00
Grouper,(unmatched),unmatched,0.0,products.json,2026-08-11T04:43:01.313766+00:00
Serica,(unmatched),unmatched,0.0,products.json,2026-08-11T04:43:01.313824+00:00
GetGoing,(unmatched),unmatched,0.0,products.json,2026-08-11T04:43:01.313911+00:00
Bop.fm,(unmatched),unmatched,0.0,products.json,2026-08-11T04:43:01.313957+00:00
Heyzap,(unmatched),unmatched,0.0,products.json,2026-08-11T04:43:01.314015+00:00
Thread,(unmatched),unmatched,0.0,products.json,2026-08-11T04:43:01.314071+00:00
Chillabit,(unmatched),unmatched,0.0,products.json,2026-08-11T04:43:01.314167+00:00
Shoutfit,(unmatched),unmatched,0.0,products.json,2026-08-11T04:43:01.314256+00:00
Project Wedding,(unmatched),unmatched,0.0,products.json,2026-08-11T04:43:01.314316+00:00
Pollground,(unmatched),unmatched,0.0,products.json,2026-08-11T04:43:01.314401+00:00
Cue,(unmatched),unmatched,0.0,products.json,2026-08-11T04:43:01.314431+00:00
PhoneSys,(unmatched),unmatched,0.0,products.json,2026-08-11T04:43:01.314522+00:00
Zanbazaar,(unmatched),unmatched,0.0,products.json,2026-08-11T04:43:01.314608+00:00
Answerly,(unmatched),unmatched,0.0,products.json,2026-08-11T04:43:01.314697+00:00
Divvyshot,(unmatched),unmatched,0.0,products.json,2026-08-11T04:43:01.314783+00:00
Jumpchat,(unmatched),unmatched,0.0,products.json,2026-08-11T04:43:01.314873+00:00
Cryptoseal,(unmatched),unmatched,0.0,products.json,2026-08-11T04:43:01.314959+00:00
Cloudkick,(unmatched),unmatched,0.0,products.json,2026-08-11T04:43:01.315046+00:00
SpringWit,(unmatched),unmatched,0.0,products.json,2026-08-11T04:43:01.315133+00:00
Snipshot,(unmatched),unmatched,0.0,products.json,2026-08-11T04:43:01.315221+00:00
Picurio,(unmatched),unmatched,0.0,products.json,2026-08-11T04:43:01.315294+00:00
Goodybag,(unmatched),unmatched,0.0,products.json,2026-08-11T04:43:01.315382+00:00
Meta,(unmatched),unmatched,0.0,news_enriched.json,2026-08-11T04:43:01.315417+00:00
TechCrunch,(unmatched),unmatched,0.0,news_enriched.json,2026-08-11T04:43:01.315501+00:00
Forbes,(unmatched),unmatched,0.0,news_enriched.json,2026-08-11T04:43:01.315558+00:00
Bloomberg,(unmatched),unmatched,0.0,news_enriched.json,2026-08-11T04:43:01.315643+00:00
The Atlantic,(unmatched),unmatched,0.0,news_enriched.json,2026-08-11T04:43:01.315736+00:00
The Daily Beast,(unmatched),unmatched,0.0,news_enriched.json,2026-08-11T04:43:01.315798+00:00
Cloudflare,(unmatched),unmatched,0.0,news_enriched.json,2026-08-11T04:43:01.315884+00:00
Tesla,(unmatched),unmatched,0.0,news_enriched.json,2026-08-11T04:43:01.315929+00:00
SpaceX,(unmatched),unmatched,0.0,news_enriched.json,2026-08-11T04:43:01.315987+00:00
Suno,Suno,exact_normalized,1.0,news_enriched.json,2026-08-11T04:43:01.315993+00:00
Ford,(unmatched),unmatched,0.0,news_enriched.json,2026-08-11T04:43:01.316028+00:00
Bending Spoons,(unmatched),unmatched,0.0,news_enriched.json,2026-08-11T04:43:01.316089+00:00
Airtable,(unmatched),unmatched,0.0,news_enriched.json,2026-08-11T04:43:01.316177+00:00
Discovered Materials,(unmatched),unmatched,0.0,news_enriched.json,2026-08-11T04:43:01.316219+00:00
Lightspeed India Partners,(unmatched),unmatched,0.0,news_enriched.json,2026-08-11T04:43:01.316256+00:00
Peak XV Partners,(unmatched),unmatched,0.0,news_enriched.json,2026-08-11T04:43:01.316318+00:00
Persona AI,(unmatched),unmatched,0.0,news_enriched.json,2026-08-11T04:43:01.316406+00:00
Luma Labs,(unmatched),unmatched,0.0,news_enriched.json,2026-08-11T04:43:01.316493+00:00
Anthropic,Anthropic,exact_normalized,1.0,news_enriched.json,2026-08-11T04:43:01.316499+00:00
MatNex,(unmatched),unmatched,0.0,news_enriched.json,2026-08-11T04:43:01.316559+00:00
SandboxAQ,(unmatched),unmatched,0.0,news_enriched.json,2026-08-11T04:43:01.316645+00:00
CuspAI,(unmatched),unmatched,0.0,news_enriched.json,2026-08-11T04:43:01.316707+00:00
Insilico Medicine,(unmatched),unmatched,0.0,news_enriched.json,2026-08-11T04:43:01.316759+00:00
Panasonic,(unmatched),unmatched,0.0,news_enriched.json,2026-08-11T04:43:01.316846+00:00
Citrine Informatics,(unmatched),unmatched,0.0,news_enriched.json,2026-08-11T04:43:01.316894+00:00
Situational Awareness,(unmatched),unmatched,0.0,news_enriched.json,2026-08-11T04:43:01.316935+00:00
Source Foundry,(unmatched),unmatched,0.0,news_enriched.json,2026-08-11T04:43:01.316994+00:00
The Wall Street Journal,(unmatched),unmatched,0.0,news_enriched.json,2026-08-11T04:43:01.317035+00:00
OpenAI,OpenAI,exact_normalized,1.0,news_enriched.json,2026-08-11T04:43:01.317041+00:00
Citadel,(unmatched),unmatched,0.0,news_enriched.json,2026-08-11T04:43:01.317114+00:00
X,(unmatched),unmatched,0.0,news_enriched.json,2026-08-11T04:43:01.317139+00:00
Alibaba,(unmatched),unmatched,0.0,news_enriched.json,2026-08-11T04:43:01.317211+00:00
Moonshot,(unmatched),unmatched,0.0,news_enriched.json,2026-08-11T04:43:01.317300+00:00
Apple,(unmatched),unmatched,0.0,news_enriched.json,2026-08-11T04:43:01.317344+00:00
Bose,(unmatched),unmatched,0.0,news_enriched.json,2026-08-11T04:43:01.317377+00:00
Epson,(unmatched),unmatched,0.0,news_enriched.json,2026-08-11T04:43:01.317421+00:00
McIntosh Labs,(unmatched),unmatched,0.0,news_enriched.json,2026-08-11T04:43:01.317492+00:00
Motorola,(unmatched),unmatched,0.0,news_enriched.json,2026-08-11T04:43:01.317580+00:00
Samsung,(unmatched),unmatched,0.0,news_enriched.json,2026-08-11T04:43:01.317652+00:00
Sena,(unmatched),unmatched,0.0,news_enriched.json,2026-08-11T04:43:01.317686+00:00
Skullcandy,(unmatched),unmatched,0.0,news_enriched.json,2026-08-11T04:43:01.317782+00:00
Sonus faber,(unmatched),unmatched,0.0,news_enriched.json,2026-08-11T04:43:01.317880+00:00
Vox Media,(unmatched),unmatched,0.0,news_enriched.json,2026-08-11T04:43:01.317970+00:00
Xreal,(unmatched),unmatched,0.0,news_enriched.json,2026-08-11T04:43:01.318016+00:00
Lincoln,(unmatched),unmatched,0.0,news_enriched.json,2026-08-11T04:43:01.318089+00:00
Rivian,(unmatched),unmatched,0.0,news_enriched.json,2026-08-11T04:43:01.318147+00:00
Mercedes-Benz,(unmatched),unmatched,0.0,news_enriched.json,2026-08-11T04:43:01.318235+00:00
BMW,(unmatched),unmatched,0.0,news_enriched.json,2026-08-11T04:43:01.318264+00:00
Amazon,(unmatched),unmatched,0.0,news_enriched.json,2026-08-11T04:43:01.318322+00:00
General Motors,(unmatched),unmatched,0.0,news_enriched.json,2026-08-11T04:43:01.318381+00:00
Google,(unmatched),unmatched,0.0,news_enriched.json,2026-08-11T04:43:01.318438+00:00
Volvo,(unmatched),unmatched,0.0,news_enriched.json,2026-08-11T04:43:01.318482+00:00
Polestar,(unmatched),unmatched,0.0,news_enriched.json,2026-08-11T04:43:01.318571+00:00
Google DeepMind,Google DeepMind,exact_normalized,1.0,news_enriched.json,2026-08-11T04:43:01.318579+00:00
Subquadratic,(unmatched),unmatched,0.0,news_enriched.json,2026-08-11T04:43:01.318668+00:00
Manifest AI,(unmatched),unmatched,0.0,news_enriched.json,2026-08-11T04:43:01.318768+00:00
